110977506,111129560,111166664,111237586,111587759,111658428,111667765,111970704,112019136,112154356,112361532,112482756,112592660,112613808,112737665,112741211,112776497,113159169,113269448,113331176,120218545,120270369,120299667,120333224,120643194,121615695,126905098,128503087,129206406,135549115,146207806,146207820,146208100,146209701,146210820,146217577,146217607,0146223448 ,0242694593 
146225190,146227439,146236561,146240018,146242142,146242166,146256682,146257542,146259942,146269521,146284623,146286832,146286849,146287037,146298194,146298484,146299160,146300873,146301399,146310094,146320499,146320697,146329645,146337206,146337398,146338081,146350212,146351882,146357082,146358065,146358706,146358768,146369559,146369603,146623453,200057118,200274041,0201063415 ,0244079244 
201435908,201462690,201859742,201924259,201927847,202179207,202385653,202444107,202452522,202655299,202745013,202796220,202860358,202865292,202873396,202873457,202885122,202953661,202992936,203553600,203581238,203582396,203588459,203677900,203684465,203749881,203749980,203842858,203854615,203922581,203997220,204025496,204050313,204052058,204052577,204060039,204064020,0204064747 ,0246832601 
ページ,241532698,241540020,241540099,241541874,241541935,241542024,241545421,241547128,241548415,241568178,241569663,241571116,241571222,241579198,241583058,241586196,241636082,241666652,241757909,241869503,241951475,242041229,242098322,242187422,242192266,242195779,242197889,242280918,242489830,242528348,242528836,242579685,242586300,242586683,242679576,242686185,242692230,0248959238 
0205474132 ,242741822,242820060,242820091,242934613,242945817,242952327,242958053,243050541,243051180,243070808,243161353,243166570,243172014,243229565,243437878,243437908,243442155,243443466,243458637,243551635,243599491,243612473,243673467,243689697,243777950,243778117,243816109,243841187,243843044,243846007,243918971,243924637,243927379,243990991,244030184,244056498,244074553,0260229050 
241531950,246472715,246472777,246473187,246473385,246474528,246474719,246476195,246478335,246482738,246483025,246483254,246485944,246492256,246492676,246494144,246496773,246499958,246551649,246574372,246574709,246574921,246575829,246691178,246694926,246699709,246723206,246727761,246737180,246747998,246765169,246789813,246822992,246826051,246826693,246828314,246828369,246828697,0299608253 
242741488,246834124,246835527,246835817,246836531,246862585,246947572,246971867,247141139,247151985,247164183,247164848,247181784,247367454,247582857,247754735,247755343,247939682,248161822,248182957,248274317,248385372,248428963,248450322,248450872,248573786,248579344,248581637,248593920,248663616,248673189,248695563,248751962,248769998,248770888,248772998,248848426,248867397,0830631092 
ページ,252018129,252024182,252716148,252716162,252717084,252718388,252720404,252721807,252721913,252724471,252725768,252725782,252727236,252727984,252728356,252728714,252729315,252730946,252733664,252734302,252735125,252735484,252735613,252735668,252736580,252736993,252737662,252739673,258523016,258529063,258563388,260068871,260071451,260088466,260224116,260226059,260226875,0830736063 
0245186217 ,260242066,260242134,260242141,260242189,260242233,260242639,260244428,260244930,260245456,260246415,260246798,260251709,260260046,260266017,260266062,260266093,260266130,260266147,260266154,260266161,260266482,260267373,260268301,260268325,260271189,260271820,260273572,260277525,261111446,264015598,267836459,270030998,270031797,270051337,270058237,292910278,294906330,0837400141 
246472500,723961961,723964023,723965938,723969912,723971120,723971816,824411389,825104990,825117679,825223608,825244450,825246133,825247673,825523777,825907898,826057523,826412100,827084900,827831979,827839951,827883848,828307152,828401539,828509419,828524382,828804811,828807720,830609015,830609138,830609190,830611827,830612152,830612572,830613494,830618956,830620973,830621321,0838107520 
246833486,830636042,830639661,830639678,830641664,830646621,830657382,830657467,830658648,830658846,830662775,830666834,830669903,830676260,830680908,830682551,830682896,830684289,830686740,830689253,830690648,830697036,830699566,830704192,830707049,830714238,830715471,830716164,830717444,830719745,830725852,830726149,830726231,830726323,830726477,830727429,830729065,830735608,0841257281 
ページ,834501049,834501056,834501063,834501070,834508932,834517538,834519181,834519228,834519235,834531268,836429648,836435823,836441985,836452394,836454862,836459287,836463826,836467039,836475768,836478318,836498088,836505335,836508527,836510810,836513019,836523018,836524640,836529676,836531884,836544266,836546710,836550076,836555736,836566794,836574560,836580523,836587379,0841482881 
0249674970 ,837512615,837916079,838000197,838001866,838003808,838004416,838004737,838008582,838011711,838012015,838012985,838014194,838016488,838017300,838019199,838019281,838019847,838019939,838031580,838034673,838042340,838042883,838043637,838044399,838044658,838044993,838048458,838049547,838050024,838050321,838050642,838051687,838051847,838052479,838101320,838102952,838102976,0844096900 
251817884,841153750,841157710,841158366,841162707,841163179,841163971,841168150,841168976,841170115,841170498,841172232,841176445,841176452,841177343,841183252,841183337,841240856,841240894,841240900,841240986,841241938,841242409,841243192,841243376,841244199,841245370,841247688,841247954,841250312,841251548,841252149,841252392,841255188,841255249,841255287,841255720,841256123,0846431235 
260241359,841262469,841262513,841264067,841265316,841270259,841316650,841316711,841316735,841317268,841318432,841338379,841339406,841341454,841347548,841348750,841351347,841352627,841355352,841377606,841386714,841440577,841441673,841441796,841456516,841465877,841467918,841468632,841471236,841473131,841473643,841476040,841476613,841476798,841476934,841477351,841480467,841480894,0854777844 
ページ,842637013,842741352,842758527,842990163,842990644,842990934,842991221,842992457,842993751,842994116,842995434,843188613,843190586,843192627,843192733,843198315,843229675,843233160,843236765,843237335,843255902,843364079,843462546,843481578,843591659,843687918,843807507,843855614,843859094,843860403,843861233,843886564,843920916,843922026,843997833,843998540,844095668,0857060516 
0723905200 ,844207009,844290476,844300861,844301028,844302070,844303176,844307051,844307204,844309086,844310150,844313748,844329084,844329855,844345893,844601777,844723516,844843405,844861904,845624263,845625406,845626113,845633715,845653720,846205010,846411022,846414320,846414481,846414634,846417123,846417253,846417376,846421083,846421700,846421939,846424787,846425685,846427061,0858709544 
723960421,850579107,850579121,850579145,850579244,850581483,850585108,850586617,850599693,850610404,850653043,850658253,850659632,850662342,850849217,850852187,850852231,850853658,851001928,851002642,852209071,852806959,853059927,853162412,853474348,853739423,854313264,854338250,854450297,854451638,854486418,854486654,854575815,854687648,854702365,854777363,854777400,854777509,0859389011 
830631917,854779602,854864384,854897443,854949029,855196279,855371379,855473431,855644558,855803719,855804310,855804716,855805294,856424722,856436534,856436589,856440838,856441903,856442054,856442078,856475205,856549500,856549647,856549739,856626577,856650817,856651326,856651517,856681422,856775770,856813052,856905191,856907881,856987920,857042727,857043038,857045469,857045964,0860706913 
ページ,857782258,857829304,857849951,857885867,857935821,857935913,858012743,858014273,858053425,858061314,858185577,858187496,858193831,858236804,858250725,858250794,858253054,858253948,858254051,858266955,858274295,858307337,858328516,858366587,858373172,858422566,858477368,858514124,858514261,858573718,858576122,858587081,858588811,858635492,858645255,858680263,858701272,0861068638 
0833903011 ,858871234,858879902,858977226,859024998,859057088,859057354,859060361,859060415,859087818,859106991,859108292,859108612,859109121,859109299,859109343,859109428,859155166,859156392,859176338,859176437,859178394,859251011,859252247,859252407,859273303,859273471,859294124,859294704,859294841,859307435,859319803,859319841,859319988,859329925,859341804,859361727,859362700,0861775161 
834499506,860266905,860286255,860291372,860293109,860293789,860296582,860350963,860367800,860368104,860390914,860391751,860425012,860425111,860425807,860477363,860487973,860488130,860491314,860492632,860505738,860514334,860550431,860558406,860577568,860595692,860614508,860614676,860624668,860627553,860627836,860627959,860628079,860652975,860673253,860677732,860689469,860692797,0862152244 
837511731,860738280,860738419,860756277,860756635,860788728,860820305,860820633,860954086,860954093,860954109,860954116,860954123,860954130,860954147,860954154,860954161,860954178,860954185,860954192,860954208,860954215,860954222,860954239,860954246,860954253,860954260,860954277,860954284,860954291,860954307,860954314,860954321,860954338,860954345,860954352,860954369,861067877,0862710390 
ページ,861532429,861532443,861532467,861532504,861532542,861532559,861532573,861532597,861532672,861536748,861545078,861545122,861576058,861576065,861607479,861621079,861622281,861623820,861623844,861631122,861680663,861685705,861690211,861740688,861740732,861741142,861741159,861741616,861741630,861741661,861741821,861741968,861742095,861755873,861755941,861758171,861758188,0862968883 
0840511360 ,861838347,861838361,861838408,861838453,861838545,861851100,861859373,861859380,861883651,861889707,861925528,861926723,861926792,861927645,861929090,861929472,861930713,861950117,861951374,861955778,861955822,862014344,862014481,862014542,862014702,862014801,862015051,862015686,862015709,862015792,862016089,862062383,862071934,862075949,862076441,862152084,862152237,0863381636 
841126464,862631114,862633910,862634146,862634252,862634535,862643711,862643735,862643773,862643803,862643834,862643858,862643865,862643964,862654069,862655707,862656421,862656452,862673060,862673077,862673084,862673091,862673107,862673114,862673121,862673138,862673145,862673152,862673169,862673176,862673183,862673190,862673206,862673213,862673220,862703477,862707307,862710307,0863663558 
841260731,862717443,862717498,862717573,862717634,862717801,862718075,862718150,862718228,862718235,862718464,862718471,862718525,862718556,862718693,862718754,862718778,862718808,862718877,862719195,862719218,862719249,862719317,862719454,862719881,862719959,862721587,862746887,862768711,862769039,862769121,862769251,862769381,862769695,862770189,862770332,862845658,862881755,0864320566 
ページ,863330580,863331303,863342347,863344266,863344594,863345263,863350243,863351196,863367029,863367883,863369054,863381377,863381384,863381391,863381407,863381414,863381421,863381438,863381445,863381452,863381469,863381476,863381483,863381490,863381506,863381513,863381520,863381537,863381544,863381551,863381568,863381575,863381582,863381599,863381605,863381612,863381629,0864402477 
0841651386 ,863381667,863381674,863381681,863381698,863381704,863381711,863381728,863381735,863381742,863391116,863391505,863397828,863399235,863409521,863412491,863417892,863417908,863429116,863442986,863488595,863539716,863539846,863541139,863541146,863542099,863553620,863566255,863579170,863579187,863579316,863579637,863601451,863601536,863656079,863656314,863657564,863663541,0865090819 
842623993,864298148,864300452,864302852,864302951,864303002,864303255,864303507,864313865,864313995,864314046,864314114,864314138,864314305,864314749,864314770,864314893,864315555,864315616,864315708,864315722,864315739,864316354,864317658,864318105,864318167,864318228,864318730,864318785,864319270,864319355,864319379,864319430,864320054,864320078,864320160,864320368,864320481,0865250671 
844204206,864320863,864320955,864321020,864321174,864321273,864321433,864321518,864351355,864352772,864353618,864361675,864361736,864361842,864361866,864361880,864361927,864361941,864361996,864362146,864362245,864362658,864368278,864372756,864373418,864374859,864374996,864375092,864391467,864391559,864402392,864402408,864402415,864402422,864402439,864402446,864402453,864402460,0866056944 
ページ,864860758,864896207,864933322,864933360,864933537,864933841,864933902,864934442,864935364,864935678,864936125,864936149,864936293,864936781,864936804,864936972,864938198,864938204,864938310,864973038,865020359,865034301,865034318,865034349,865034370,865034400,865034431,865034462,865034486,865034523,865034561,865034578,865048049,865048094,865049800,865049855,865083798,0866293615 
0850150511 ,865131048,865131079,865131154,865136654,865154917,865154924,865154931,865154948,865154955,865154962,865154979,865154986,865154993,865155006,865155013,865155020,865155037,865155044,865155051,865155068,865155075,865155082,865155099,865155105,865155112,865178432,865190168,865190595,865190892,865191585,865191691,865192193,865192889,865193503,865216745,865216899,865216950,0866822730 
850579060,865866575,865870619,865870640,865876284,865879162,865880021,865955286,865956665,865972436,865972818,865974362,865974386,865983357,865989137,865993813,865998412,865998726,866007779,866010434,866033815,866033846,866035376,866048949,866052328,866052342,866052458,866053264,866053837,866056203,866056265,866056616,866056647,866056715,866056753,866056791,866056807,866056852,0866825809 
854779411,866057149,866057248,866057255,866057262,866057286,866081021,866081083,866086569,866086736,866087672,866089126,866128535,866128733,866128832,866129143,866129648,866136158,866136448,866136455,866136479,866139975,866147895,866162362,866162881,866232638,866233109,866236025,866236070,866245751,866246604,866254371,866255330,866258744,866258850,866265728,866266053,866275246,0867333266 
ページ,866731353,866739878,866739885,866739892,866739908,866739915,866739922,866739939,866739946,866739953,866739960,866739977,866739984,866739991,866740003,866740027,866740072,866740614,866746111,866746951,866747682,866747767,866748139,866771946,866773247,866785806,866794457,866794969,866799476,866821702,866821818,866821900,866822525,866822549,866822556,866822594,866822709,0867452813 
0857569415 ,866822853,866822891,866822907,866823034,866823096,866823133,866823140,866823164,866823225,866823232,866823348,866823379,866823409,866823423,866823447,866823614,866823690,866823706,866823829,866823874,866823904,866823911,866823980,866824031,866824178,866824239,866824420,866824581,866824642,866824772,866824789,866824864,866824888,866824956,866825236,866825373,866825601,0867785096 
857782234,867132623,867132739,867133033,867133392,867133453,867133545,867133644,867133682,867133767,867209592,867268025,867268223,867268254,867268261,867268278,867268346,867268384,867268391,867268490,867271728,867292396,867292440,867294789,867294895,867299869,867314135,867314272,867314371,867314401,867326282,867332672,867332757,867332801,867332870,867333075,867333136,867333259,0867953105 
858787504,867333471,867333488,867333631,867333693,867333716,867345313,867345399,867345580,867345634,867345825,867345931,867345993,867346044,867346211,867373392,867386965,867387191,867390344,867420829,867421376,867422243,867422274,867422960,867422984,867423158,867423707,867423721,867423769,867430248,867430590,867430651,867430729,867431177,867431467,867431979,867432228,867432761,0868068952 
ページ,867634271,867634332,867634387,867634455,867634486,867634578,867634776,867634882,867688236,867736593,867736661,867779552,867784846,867784853,867784860,867784877,867784884,867784891,867784907,867784914,867784921,867784938,867784945,867784952,867784969,867784976,867784983,867784990,867785003,867785010,867785027,867785034,867785041,867785058,867785065,867785072,867785089,0868453116 
0859952925 ,867785126,867785133,867785140,867785157,867785164,867785171,867785188,867785195,867785201,867785218,867785225,867785232,867785249,867785256,867804049,867804117,867804346,867804575,867804872,867805220,867805374,867805459,867852729,867852750,867904060,867909331,867910597,867952993,867953013,867953020,867953037,867953044,867953051,867953068,867953075,867953082,867953099,0868628668 
860266707,868039334,868039532,868039556,868039600,868039709,868039914,868040057,868040064,868040125,868040132,868040231,868040262,868040378,868040385,868040408,868040439,868040811,868040958,868041054,868041153,868041191,868041450,868041474,868041634,868041672,868041719,868041832,868042044,868042051,868042143,868045878,868068679,868068730,868068778,868068792,868068914,868068938,0868709657 
860711115,868119098,868131519,868131779,868131854,868131960,868132103,868132301,868132448,868136644,868137641,868154143,868154419,868197119,868206903,868219460,868259497,868259770,868259800,868259824,868259947,868270386,868270416,868302964,868303008,868303015,868303145,868348337,868348481,868356264,868356493,868406709,868406822,868406938,868407423,868407447,868407621,868407690,0868806257 
ページ,868609070,868609087,868609162,868609223,868609230,868609360,868609407,868624615,868624622,868627067,868627111,868627173,868627227,868627302,868627326,868627364,868627470,868627654,868627708,868627784,868627913,868627944,868627951,868627982,868628019,868628057,868628071,868628095,868628101,868628118,868628316,868628415,868628422,868628446,868628521,868628538,868628613,0868989134 
0861283765 ,868628781,868628798,868628811,868628842,868629092,868629108,868629122,868629474,868629559,868653325,868661160,868661306,868661382,868663522,868663546,868663553,868664093,868664260,868678380,868678441,868678748,868678779,868679547,868679783,868681519,868686453,868689027,868695868,868706267,868706625,868706854,868707059,868709053,868709510,868709527,868709565,868709633,0869436439 
861532092,868763062,868763079,868763086,868763093,868763109,868763116,868785194,868785378,868797111,868805977,868805984,868805991,868806004,868806011,868806028,868806035,868806042,868806059,868806066,868806073,868806080,868806097,868806103,868806110,868806127,868806134,868806141,868806158,868806165,868806172,868806189,868806196,868806202,868806219,868806226,868806233,868806240,0869436835 
861838262,868806288,868806295,868827450,868833673,868833697,868833734,868833789,868833796,868833819,868833826,868833840,868833864,868833871,868833888,868833895,868833901,868833918,868833925,868833987,868834182,868857051,868858324,868858676,868859185,868900535,868904083,868904212,868904298,868904465,868904472,868911487,868939764,868954361,868954378,868954385,868977940,868989127,0869763689 
ページ,869430185,869430253,869430314,869430635,869430956,869430963,869430970,869431069,869431090,869431120,869431137,869431434,869431519,869431595,869431687,869431694,869431816,869431953,869433193,869436255,869436262,869436279,869436286,869436293,869436309,869436316,869436323,869436330,869436347,869436354,869436361,869436378,869436385,869436392,869436408,869436415,869436422,0869844234 
0862406873 ,869436460,869436477,869436484,869436491,869436507,869436514,869436521,869436538,869436545,869436552,869436569,869436576,869436583,869436590,869436606,869436613,869436620,869436637,869436644,869436651,869436668,869436675,869436682,869436699,869436705,869436712,869436729,869436736,869436743,869436750,869436767,869436774,869436781,869436798,869436804,869436811,869436828,0869959778 
862622112,869665372,869669455,869680467,869680863,869681006,869681167,869681419,869684427,869684960,869685097,869685202,869685813,869686148,869686179,869686315,869687008,869687107,869687213,869687305,869687664,869687671,869688319,869689101,869689149,869689606,869691401,869698608,869710775,869711086,869711123,869717675,869763191,869763313,869763405,869763436,869763450,869763573,0870015265 
862717399,869779796,869779802,869779819,869779826,869779833,869779840,869779857,869779864,869779871,869779888,869779895,869779901,869779918,869779925,869779932,869779949,869779956,869779963,869779970,869779987,869779994,869780006,869799602,869799985,869819034,869819522,869828340,869841882,869841899,869841912,869842667,869842704,869843145,869843213,869843251,869843626,869843701,0870166936 
ページ,869959402,869959419,869959426,869959433,869959440,869959457,869959464,869959471,869959488,869959495,869959501,869959518,869959525,869959532,869959549,869959556,869959563,869959570,869959587,869959594,869959600,869959617,869959624,869959631,869959648,869959655,869959662,869959679,869959686,869959693,869959709,869959716,869959723,869959730,869959747,869959754,869959761,0870167339 
0863165137 ,869959808,869959815,869959822,869959839,869959846,869959853,869959860,869959877,869959884,869959891,869959907,869959914,869959921,869959938,869959945,869959952,869959969,869959976,869959983,869959990,869960002,869982134,870000049,870000148,870000261,870000346,870000377,870000452,870000469,870015050,870015081,870015166,870015173,870015203,870015210,870015234,870015258,0870244603 
863313125,870104884,870104891,870104907,870104914,870104921,870104938,870104945,870104952,870104969,870104976,870104983,870104990,870105003,870105010,870125360,870166691,870166707,870166714,870166721,870166738,870166745,870166752,870166769,870166776,870166783,870166790,870166806,870166813,870166820,870166837,870166844,870166851,870166868,870166875,870166882,870166899,870166929,0870245006 
863381650,870166967,870166974,870166981,870166998,870167001,870167018,870167025,870167032,870167049,870167056,870167063,870167070,870167087,870167094,870167100,870167117,870167124,870167131,870167148,870167155,870167162,870167179,870167186,870167193,870167209,870167216,870167223,870167230,870167247,870167254,870167261,870167278,870167285,870167292,870167308,870167315,870167322,0870276260 
ページ,870244238,870244245,870244252,870244269,870244276,870244283,870244290,870244306,870244313,870244320,870244337,870244344,870244351,870244368,870244375,870244382,870244399,870244405,870244412,870244429,870244436,870244443,870244450,870244467,870244474,870244481,870244498,870244504,870244511,870244528,870244535,870244542,870244559,870244566,870244573,870244580,870244597,0870309869 
0864003087 ,870244634,870244641,870244658,870244665,870244672,870244689,870244696,870244702,870244719,870244726,870244733,870244740,870244757,870244764,870244771,870244788,870244795,870244801,870244818,870244825,870244832,870244849,870244856,870244863,870244870,870244887,870244894,870244900,870244917,870244924,870244931,870244948,870244955,870244962,870244979,870244986,870244993,0870317574 
864297967,870245839,870245846,870245853,870264908,870264960,870275942,870275959,870275966,870275973,870275980,870275997,870276000,870276017,870276024,870276031,870276048,870276055,870276062,870276079,870276086,870276093,870276109,870276116,870276123,870276130,870276147,870276154,870276161,870276178,870276185,870276192,870276208,870276215,870276222,870276239,870276246,870276253,0870317994 
864320719,870276291,870276307,870276314,870276321,870276338,870280137,870281561,870283138,870283671,870283770,870284562,870284739,870287303,870288218,870288393,870288560,870288850,870289093,870289406,870289604,870289765,870289772,870289857,870295476,870300835,870309746,870309753,870309760,870309777,870309784,870309791,870309807,870309814,870309821,870309838,870309845,870309852,0870319233 
ページ,870317208,870317215,870317222,870317239,870317246,870317253,870317260,870317277,870317284,870317291,870317307,870317314,870317321,870317338,870317345,870317352,870317369,870317376,870317383,870317390,870317406,870317413,870317420,870317437,870317444,870317451,870317468,870317475,870317482,870317499,870317505,870317512,870317529,870317536,870317543,870317550,870317567,0870358508 
0864666268 ,870317604,870317611,870317628,870317635,870317642,870317659,870317666,870317673,870317680,870317697,870317703,870317710,870317727,870317734,870317741,870317758,870317765,870317772,870317789,870317796,870317802,870317819,870317833,870317840,870317857,870317864,870317871,870317888,870317901,870317918,870317925,870317932,870317949,870317956,870317963,870317970,870317987,0870569850 
864851596,870318861,870318878,870318885,870318892,870318908,870318915,870318922,870318939,870318946,870318953,870318960,870318977,870318984,870318991,870319004,870319011,870319028,870319035,870319042,870319059,870319066,870319073,870319080,870319097,870319103,870319110,870319127,870319134,870319141,870319158,870319165,870319172,870319189,870319196,870319202,870319219,870319226,0870680159 
865131000,870358133,870358140,870358157,870358164,870358171,870358188,870358195,870358201,870358218,870358225,870358232,870358249,870358256,870358263,870358270,870358287,870358294,870358300,870358317,870358324,870358331,870358348,870358355,870358362,870358379,870358386,870358393,870358409,870358416,870358423,870358430,870358447,870358454,870358461,870358478,870358485,870358492,0870681378 
ページ,870494398,870569492,870569508,870569515,870569522,870569539,870569546,870569553,870569560,870569577,870569584,870569591,870569607,870569614,870569621,870569638,870569645,870569652,870569669,870569676,870569683,870569690,870569706,870569713,870569720,870569737,870569744,870569751,870569768,870569775,870569782,870569799,870569805,870569812,870569829,870569836,870569843,0870687981 
0865535273 ,870569881,870569898,870569904,870569911,870569928,870569935,870569942,870569959,870569966,870569973,870569980,870569997,870570009,870621527,870640016,870640023,870640030,870640047,870640054,870640061,870640078,870640085,870640092,870680012,870680029,870680036,870680043,870680050,870680067,870680074,870680081,870680098,870680104,870680111,870680128,870680135,870680142,0870712447 
865865981,870681002,870681019,870681026,870681033,870681040,870681057,870681064,870681071,870681088,870681095,870681101,870681118,870681125,870681132,870681149,870681156,870681163,870681170,870681187,870681194,870681200,870681217,870681224,870681231,870681248,870681255,870681262,870681279,870681286,870681293,870681309,870681316,870681323,870681330,870681347,870681354,870681361,0870713376 
866057132,870681408,870681415,870681422,870681439,870687646,870687653,870687660,870687677,870687684,870687691,870687707,870687714,870687721,870687738,870687745,870687752,870687769,870687776,870687783,870687790,870687806,870687813,870687837,870687844,870687851,870687868,870687875,870687882,870687899,870687905,870687912,870687929,870687936,870687943,870687950,870687967,870687974,0870730595 
ページ,870712072,870712089,870712096,870712102,870712119,870712126,870712133,870712140,870712157,870712164,870712171,870712188,870712195,870712201,870712218,870712225,870712232,870712249,870712256,870712263,870712270,870712287,870712294,870712300,870712317,870712324,870712331,870712348,870712355,870712362,870712379,870712386,870712393,870712409,870712416,870712423,870712430,0870730991 
0866607610 ,870712478,870712485,870712492,870712508,870712515,870712522,870712539,870712546,870712553,870712560,870712577,870712584,870712591,870712607,870712614,870712621,870712638,870712645,870712652,870712669,870713208,870713215,870713222,870713239,870713246,870713253,870713260,870713277,870713284,870713291,870713307,870713314,870713321,870713338,870713345,870713352,870713369,0870775459 
866731230,870714205,870714212,870714229,870730250,870730267,870730274,870730281,870730298,870730304,870730311,870730328,870730335,870730342,870730359,870730366,870730373,870730380,870730397,870730403,870730410,870730427,870730434,870730441,870730458,870730465,870730472,870730489,870730496,870730502,870730519,870730526,870730533,870730540,870730557,870730564,870730571,870730588,0870775879 
866822815,870730625,870730632,870730649,870730656,870730663,870730670,870730687,870730694,870730700,870730717,870730724,870730731,870730748,870730755,870730762,870730779,870730786,870730793,870730809,870730816,870730823,870730830,870730847,870730854,870730861,870730878,870730885,870730892,870730908,870730915,870730922,870730939,870730946,870730953,870730960,870730977,870730984,0870777491 
ページ,870775053,870775060,870775077,870775084,870775091,870775107,870775114,870775121,870775138,870775145,870775152,870775169,870775176,870775183,870775190,870775206,870775220,870775237,870775244,870775251,870775268,870775275,870775282,870775305,870775312,870775329,870775336,870775343,870775350,870775367,870775381,870775398,870775404,870775411,870775428,870775435,870775442,0870777903 
0866879970 ,870775480,870775497,870775503,870775510,870775527,870775534,870775541,870775558,870775565,870775572,870775589,870775596,870775602,870775619,870775626,870775633,870775640,870775657,870775664,870775671,870775688,870775695,870775701,870775718,870775725,870775732,870775749,870775756,870775763,870775770,870775787,870775794,870775800,870775831,870775848,870775855,870775862,0870811065 
867132562,870776814,870776821,870776838,870776845,870776852,870776869,870776876,870776883,870776890,870776906,870776913,870776920,870776937,870776944,870776951,870776968,870776975,870776982,870776999,870777002,870777019,870777026,870777033,870777354,870777361,870777378,870777385,870777392,870777408,870777415,870777422,870777439,870777446,870777453,870777460,870777477,870777484,0870811522 
867333358,870777538,870777545,870777552,870777569,870777576,870777583,870777590,870777606,870777613,870777620,870777637,870777644,870777651,870777668,870777675,870777682,870777699,870777705,870777712,870777729,870777736,870777743,870777750,870777767,870777774,870777781,870777798,870777804,870777811,870777828,870777835,870777842,870777859,870777866,870777873,870777880,870777897,0870827981 
ページ,870778733,870778740,870778757,870778764,870778771,870778788,870778795,870778801,870778818,870778825,870778832,870778849,870778856,870778863,870778870,870778887,870780019,870780026,870780033,870780040,870780057,870780064,870780071,870780088,870780095,870780101,870780118,870780125,870780132,870780149,870810174,870810983,870810990,870811010,870811027,870811034,870811041,0870828384 
0867481516 ,870811102,870811119,870811126,870811133,870811140,870811157,870811164,870811171,870811188,870811195,870811201,870811218,870811225,870811232,870811249,870811256,870811263,870811270,870811294,870811300,870811317,870811331,870811348,870811355,870811362,870811386,870811393,870811409,870811416,870811423,870811430,870811454,870811461,870811485,870811492,870811508,870811515,0870829589 
867634240,870827615,870827622,870827639,870827646,870827653,870827660,870827677,870827684,870827691,870827707,870827714,870827721,870827738,870827745,870827752,870827769,870827776,870827783,870827790,870827806,870827813,870827820,870827837,870827844,870827851,870827868,870827875,870827882,870827899,870827905,870827912,870827929,870827936,870827943,870827950,870827967,870827974,0870829985 
867785119,870828018,870828025,870828032,870828049,870828056,870828063,870828070,870828087,870828094,870828100,870828117,870828124,870828131,870828148,870828155,870828162,870828179,870828186,870828193,870828209,870828216,870828223,870828230,870828247,870828254,870828261,870828278,870828285,870828292,870828308,870828315,870828322,870828339,870828346,870828353,870828360,870828377,0871000376 
ページ,870829213,870829220,870829237,870829244,870829251,870829268,870829275,870829282,870829299,870829305,870829312,870829329,870829336,870829343,870829350,870829367,870829374,870829381,870829398,870829404,870829411,870829428,870829435,870829442,870829459,870829466,870829473,870829480,870829497,870829503,870829510,870829527,870829534,870829541,870829558,870829565,870829572,0871054546 
0867953518 ,870829619,870829626,870829633,870829640,870829657,870829664,870829671,870829688,870829695,870829701,870829718,870829725,870829732,870829749,870829756,870829763,870829770,870829787,870829794,870829800,870829817,870829824,870829831,870829848,870829855,870829862,870829879,870829886,870829893,870829909,870829916,870829923,870829930,870829947,870829954,870829961,870829978,0871104302 
868039327,870958876,870958883,870958890,870958906,870958913,870958920,870958937,870958944,870958951,870958968,870958975,870958982,870958999,870959002,870959019,870959026,870959033,870959040,870959057,870959064,870959071,870959088,870959095,870959101,870959118,870959125,870959132,870959149,870959156,870959163,870959170,870959187,870959194,870959200,870959217,870959224,870959231,0871156400 
868092230,871000406,871000413,871000420,871000437,871000444,871000451,871000468,871000475,871000482,871000499,871000505,871000512,871000529,871000536,871000543,871000550,871000567,871000574,871000581,871000598,871000604,871000611,871000628,871000635,871000642,871000659,871000666,871000673,871000680,871000697,871000703,871000710,871000727,871000734,871000741,871052283,871054089,0871181419 
ページ,871103930,871103947,871103954,871103961,871103978,871103985,871103992,871104005,871104012,871104029,871104036,871104043,871104050,871104067,871104074,871104081,871104098,871104104,871104111,871104128,871104135,871104142,871104159,871104166,871104173,871104180,871104197,871104203,871104210,871104227,871104234,871104241,871104258,871104265,871104272,871104289,871104296,0871181815 
0868535270 ,871104333,871104340,871104357,871104364,871104371,871104388,871156080,871156103,871156110,871156127,871156134,871156141,871156158,871156165,871156172,871156189,871156196,871156202,871156219,871156226,871156233,871156240,871156257,871156264,871156271,871156288,871156295,871156301,871156318,871156325,871156332,871156349,871156356,871156363,871156370,871156387,871156394,0871422819 
868609025,871170673,871170680,871170697,871170703,871170710,871170727,871170734,871170741,871170758,871170765,871170772,871170789,871170796,871170802,871170819,871170826,871170833,871170840,871170857,871170864,871170871,871170888,871170895,871170901,871170918,871170925,871170932,871181310,871181327,871181334,871181341,871181358,871181365,871181372,871181389,871181396,871181402,0871466073 
868628767,871181440,871181457,871181464,871181471,871181488,871181495,871181501,871181518,871181525,871181532,871181549,871181556,871181563,871181570,871181587,871181594,871181600,871181617,871181624,871181631,871181648,871181655,871181662,871181679,871181686,871181693,871181709,871181716,871181723,871181730,871181747,871181754,871181761,871181778,871181785,871181792,871181808,0871595773 
ページ,871422444,871422451,871422468,871422475,871422482,871422499,871422505,871422512,871422529,871422536,871422543,871422550,871422567,871422574,871422581,871422598,871422604,871422611,871422628,871422635,871422642,871422659,871422666,871422673,871422680,871422697,871422703,871422710,871422727,871422734,871422741,871422758,871422765,871422772,871422789,871422796,871422802,0871652162 
0868750574 ,871422857,871422864,871422871,871422888,871422895,871422901,871422918,871422925,871422932,871422949,871422956,871422963,871422970,871422987,871422994,871423007,871423014,871423021,871423038,871423045,871423052,871423069,871423076,871423083,871423090,871423106,871465960,871465977,871465984,871465991,871466004,871466011,871466028,871466035,871466042,871466059,871466066,0871655613 
868763055,871515900,871515917,871515924,871515931,871515948,871515955,871515962,871515979,871515986,871515993,871516006,871516013,871516020,871516037,871516044,871516051,871516068,871516075,871516082,871516099,871516105,871516112,871516129,871516136,871516143,871516150,871516167,871516174,871516181,871516198,871516204,871516211,871516228,871516235,871516242,871595049,871595407,0871656115 
868806271,871597739,871599672,871651806,871651813,871651820,871651837,871651844,871651851,871651868,871651875,871651899,871651905,871651912,871651929,871651936,871651943,871651950,871651967,871651974,871651981,871651998,871652001,871652018,871652025,871652032,871652049,871652056,871652063,871652070,871652087,871652094,871652100,871652117,871652124,871652131,871652148,871652155,0871657341 
ページ,871652995,871653008,871653015,871653022,871653039,871653046,871653053,871653060,871653077,871653084,871653091,871653107,871653114,871653121,871653138,871653145,871653152,871653169,871653176,871653183,871653190,871653206,871653213,871653220,871653237,871653244,871653251,871653268,871653275,871653282,871653299,871653305,871653312,871653329,871653336,871653343,871655606,0871657747 
0869297900 ,871655644,871655651,871655668,871655675,871655682,871655699,871655705,871655712,871655729,871655736,871655743,871655750,871655767,871655774,871655781,871655798,871655804,871655811,871655828,871655835,871655842,871655859,871655866,871655873,871655880,871655897,871655903,871655910,871655927,871655934,871655941,871655958,871655965,871655972,871655989,871656092,871656108,0871658942 
869430161,871656955,871656962,871656979,871656986,871656993,871657006,871657013,871657020,871657037,871657044,871657075,871657082,871657099,871657105,871657112,871657129,871657136,871657143,871657150,871657167,871657174,871657181,871657198,871657204,871657211,871657228,871657235,871657242,871657259,871657266,871657273,871657280,871657297,871657303,871657310,871657327,871657334,0871659345 
869436453,871657372,871657389,871657396,871657402,871657419,871657426,871657433,871657440,871657457,871657464,871657471,871657488,871657495,871657501,871657518,871657525,871657532,871657549,871657556,871657563,871657570,871657587,871657594,871657600,871657617,871657624,871657631,871657648,871657655,871657662,871657679,871657686,871657693,871657709,871657716,871657723,871657730,0871660952 
ページ,871658577,871658584,871658591,871658607,871658614,871658621,871658638,871658645,871658652,871658669,871658676,871658683,871658690,871658706,871658713,871658720,871658737,871658744,871658751,871658768,871658775,871658782,871658799,871658805,871658812,871658829,871658836,871658843,871658850,871658867,871658874,871658881,871658898,871658904,871658911,871658928,871658935,0871673259 
0869522460 ,871658973,871658980,871658997,871659000,871659017,871659024,871659031,871659048,871659055,871659062,871659079,871659086,871659093,871659109,871659116,871659123,871659130,871659147,871659154,871659161,871659178,871659185,871659192,871659208,871659215,871659222,871659239,871659246,871659253,871659260,871659277,871659284,871659291,871659307,871659314,871659321,871659338,0871674454 
869614950,871660587,871660594,871660600,871660617,871660624,871660631,871660648,871660655,871660662,871660679,871660686,871660693,871660709,871660716,871660723,871660730,871660747,871660754,871660761,871660778,871660785,871660792,871660808,871660815,871660822,871660839,871660846,871660853,871660860,871660877,871660884,871660891,871660907,871660914,871660921,871660938,871660945,0871708579 
869779031,871660983,871660990,871661003,871661010,871661027,871661034,871661041,871661058,871661065,871661072,871661089,871661096,871661102,871661119,871661126,871661133,871661140,871661157,871661164,871661171,871661188,871661195,871661201,871661218,871661225,871661232,871661249,871664868,871673150,871673167,871673174,871673198,871673204,871673211,871673228,871673235,871673242,0871709828 
ページ,871674089,871674096,871674102,871674119,871674126,871674133,871674140,871674157,871674164,871674171,871674188,871674195,871674201,871674218,871674225,871674232,871674249,871674256,871674263,871674270,871674287,871674294,871674300,871674317,871674324,871674331,871674348,871674355,871674362,871674379,871674386,871674393,871674409,871674416,871674423,871674430,871674447,0871734660 
0869931705 ,871674485,871674492,871674508,871674515,871674522,871674539,871674546,871674553,871674560,871700047,871700108,871700238,871700412,871700467,871700634,871700658,871700702,871700856,871701075,871701105,871701181,871701310,871701419,871701471,871701563,871702430,871702638,871703888,871704106,871704472,871704687,871705738,871708524,871708531,871708548,871708555,871708562,0871737265 
869959396,871709439,871709446,871709453,871709460,871709477,871709484,871709507,871709514,871709521,871709538,871709545,871709552,871709576,871709583,871709590,871709606,871709613,871709620,871709637,871709644,871709651,871709668,871709675,871709682,871709699,871709705,871709712,871709729,871709736,871709743,871709750,871709767,871709774,871709781,871709798,871709804,871709811,0871737661 
869959792,871709859,871709866,871709873,871709880,871709897,871709903,871709910,871709927,871709934,871709941,871709958,871709965,871709972,871709989,871709996,871710008,871734448,871734455,871734462,871734479,871734486,871734493,871734509,871734516,871734523,871734530,871734547,871734554,871734561,871734578,871734585,871734608,871734615,871734622,871734639,871734646,871734653,0871738866 
ページ,871736886,871736893,871736909,871736916,871736923,871736930,871736947,871736954,871736961,871736978,871736985,871736992,871737005,871737012,871737029,871737036,871737043,871737050,871737067,871737074,871737081,871737098,871737104,871737111,871737128,871737142,871737159,871737166,871737173,871737180,871737197,871737203,871737210,871737227,871737234,871737241,871737258,0871760133 
0870095939 ,871737296,871737302,871737319,871737326,871737333,871737340,871737357,871737364,871737371,871737388,871737395,871737401,871737418,871737425,871737432,871737449,871737456,871737463,871737470,871737487,871737494,871737500,871737517,871737524,871737531,871737548,871737555,871737562,871737579,871737586,871737593,871737609,871737616,871737623,871737630,871737647,871737654,0871761338 
870104877,871738491,871738507,871738514,871738521,871738538,871738545,871738552,871738569,871738576,871738583,871738590,871738606,871738613,871738620,871738637,871738644,871738651,871738668,871738675,871738682,871738699,871738705,871738712,871738729,871738736,871738743,871738750,871738767,871738774,871738781,871738798,871738804,871738811,871738828,871738835,871738842,871738859,0871761734 
870166950,871738897,871738903,871738910,871738927,871738934,871738941,871738958,871738965,871738972,871738989,871738996,871739009,871739016,871739023,871739030,871739047,871739054,871739061,871739078,871739085,871739092,871739108,871739115,871739122,871739139,871760010,871760027,871760034,871760041,871760058,871760065,871760072,871760089,871760096,871760102,871760119,871760126,0871770125 
ページ,871760966,871760973,871760980,871760997,871761000,871761017,871761024,871761031,871761048,871761055,871761062,871761079,871761086,871761093,871761109,871761116,871761123,871761130,871761147,871761154,871761161,871761178,871761185,871761192,871761208,871761215,871761222,871761239,871761246,871761253,871761260,871761277,871761284,871761291,871761307,871761314,871761321,0871770521 
0870167742 ,871761369,871761376,871761383,871761390,871761406,871761413,871761420,871761437,871761444,871761451,871761468,871761475,871761482,871761499,871761505,871761512,871761529,871761536,871761543,871761550,871761567,871761574,871761581,871761598,871761604,871761611,871761628,871761635,871761642,871761659,871761666,871761673,871761680,871761697,871761703,871761710,871761727,0871771733 
870244221,871762564,871762571,871762588,871762595,871762601,871762618,871762625,871762632,871762649,871762656,871762663,871762670,871762687,871762694,871762700,871762717,871762724,871762731,871762748,871762755,871762762,871762779,871765183,871765312,871765510,871765527,871770019,871770026,871770033,871770040,871770057,871770064,871770071,871770088,871770095,871770101,871770118,0871776219 
870244627,871770156,871770163,871770170,871770187,871770194,871770200,871770217,871770224,871770231,871770248,871770255,871770262,871770279,871770286,871770293,871770309,871770316,871770323,871770330,871770347,871770354,871770361,871770378,871770385,871770392,871770408,871770415,871770422,871770439,871770446,871770453,871770460,871770477,871770484,871770491,871770507,871770514,0871777414 
ページ,871771368,871771375,871771382,871771399,871771405,871771412,871771429,871771436,871771443,871771450,871771467,871771474,871771481,871771498,871771504,871771511,871771528,871771535,871771542,871771559,871771566,871771573,871771580,871771597,871771603,871771610,871771627,871771634,871771641,871771658,871771665,871771672,871771689,871771696,871771702,871771719,871771726,0871822466 
0870245419 ,871771764,871771771,871771788,871771795,871771801,871771818,871771825,871771832,871771849,871771856,871771863,871771870,871771887,871771894,871771900,871771917,871771924,871771931,871771948,871771955,871771962,871771979,871771986,871771993,871772006,871772013,871772020,871776110,871776127,871776134,871776141,871776158,871776165,871776172,871776189,871776196,871776202,0871901420 
870245822,871777049,871777056,871777063,871777070,871777087,871777094,871777100,871777117,871777124,871777131,871777148,871777155,871777162,871777179,871777186,871777193,871777209,871777216,871777223,871777230,871777247,871777254,871777261,871777278,871777285,871777292,871777308,871777315,871777322,871777339,871777346,871777353,871777360,871777377,871777384,871777391,871777407,0871910736 
870276284,871777445,871777452,871802673,871802772,871802789,871822107,871822121,871822138,871822152,871822169,871822176,871822183,871822190,871822206,871822213,871822220,871822237,871822251,871822268,871822275,871822282,871822305,871822312,871822329,871822336,871822343,871822350,871822367,871822374,871822381,871822398,871822404,871822411,871822428,871822435,871822442,871822459,0871911962 
ページ,871864817,871865180,871865197,871865203,871865210,871865227,871865234,871865241,871865258,871865265,871865272,871865289,871865296,871865302,871865319,871865326,871865333,871865340,871865357,871865364,871865371,871865388,871865395,871865401,871865418,871865425,871865432,871865449,871865456,871865463,871865470,871865487,871865494,871865500,871865517,871865524,871901413,0871912372 
0870312074 ,871910330,871910347,871910354,871910361,871910378,871910385,871910392,871910408,871910415,871910422,871910439,871910446,871910460,871910477,871910484,871910491,871910507,871910514,871910521,871910538,871910545,871910552,871910569,871910576,871910583,871910590,871910606,871910613,871910637,871910644,871910651,871910668,871910675,871910682,871910705,871910712,871910729,0871913591 
870317192,871911597,871911603,871911610,871911627,871911634,871911641,871911658,871911665,871911672,871911689,871911696,871911702,871911719,871911726,871911733,871911740,871911757,871911764,871911771,871911788,871911795,871911801,871911818,871911825,871911832,871911849,871911856,871911863,871911870,871911887,871911894,871911900,871911917,871911924,871911931,871911948,871911955,0871913997 
870317598,871911993,871912006,871912013,871912020,871912037,871912044,871912051,871912068,871912075,871912082,871912099,871912105,871912129,871912136,871912143,871912150,871912167,871912174,871912181,871912198,871912204,871912211,871912228,871912235,871912242,871912259,871912266,871912273,871912280,871912297,871912303,871912310,871912327,871912334,871912341,871912358,871912365,0871915199 
ページ,871913225,871913232,871913249,871913256,871913263,871913270,871913287,871913294,871913300,871913317,871913324,871913331,871913348,871913355,871913362,871913379,871913386,871913393,871913409,871913416,871913423,871913430,871913447,871913454,871913461,871913478,871913485,871913492,871913508,871913515,871913522,871913539,871913546,871913553,871913560,871913577,871913584,0871915595 
0870318434 ,871913621,871913638,871913645,871913652,871913669,871913676,871913683,871913690,871913706,871913713,871913720,871913737,871913744,871913751,871913768,871913775,871913782,871913799,871913805,871913812,871913829,871913836,871913843,871913850,871913867,871913874,871913881,871913898,871913904,871913911,871913928,871913935,871913942,871913959,871913966,871913973,871913980,0871916790 
870318854,871914826,871914833,871914840,871914857,871914864,871914871,871914888,871914895,871914901,871914918,871914925,871914932,871914949,871914956,871914963,871914970,871914987,871914994,871915007,871915014,871915021,871915038,871915045,871915052,871915069,871915076,871915083,871915090,871915106,871915113,871915120,871915137,871915144,871915151,871915168,871915175,871915182,0871917193 
870358126,871915229,871915236,871915243,871915250,871915267,871915274,871915281,871915298,871915304,871915311,871915328,871915335,871915342,871915359,871915366,871915373,871915380,871915397,871915403,871915410,871915427,871915434,871915441,871915458,871915465,871915472,871915489,871915496,871915502,871915519,871915526,871915533,871915540,871915557,871915564,871915571,871915588,0871918398 
ページ,871916424,871916431,871916448,871916455,871916462,871916479,871916486,871916493,871916509,871916516,871916523,871916530,871916547,871916554,871916561,871916578,871916585,871916592,871916608,871916615,871916622,871916639,871916646,871916653,871916660,871916677,871916684,871916691,871916707,871916714,871916721,871916738,871916745,871916752,871916769,871916776,871916783,0871918794 
0870431669 ,871916820,871916837,871916844,871916851,871916868,871916875,871916882,871916899,871916905,871916912,871916929,871916936,871916943,871916950,871916967,871916974,871916981,871916998,871917001,871917018,871917025,871917032,871917049,871917056,871917063,871917070,871917087,871917094,871917100,871917117,871917124,871917131,871917148,871917155,871917162,871917179,871917186,0871919999 
870494220,871918022,871918039,871918046,871918053,871918060,871918077,871918084,871918091,871918107,871918114,871918121,871918138,871918145,871918152,871918169,871918176,871918183,871918190,871918206,871918213,871918220,871918237,871918244,871918251,871918268,871918275,871918282,871918299,871918305,871918312,871918329,871918336,871918343,871918350,871918367,871918374,871918381,0872030396 
870569874,871918428,871918435,871918442,871918459,871918466,871918473,871918480,871918497,871918503,871918510,871918527,871918534,871918541,871918558,871918565,871918572,871918589,871918596,871918602,871918619,871918626,871918633,871918640,871918657,871918664,871918671,871918688,871918695,871918701,871918718,871918725,871918732,871918749,871918756,871918763,871918770,871918787,0872095890 
ページ,871919623,871919630,871919647,871919654,871919661,871919678,871919685,871919692,871919708,871919715,871919722,871919739,871919746,871919753,871919760,871919777,871919784,871919791,871919807,871919814,871919821,871919838,871919845,871919852,871919869,871919876,871919883,871919890,871919906,871919913,871919920,871919937,871919944,871919951,871919968,871919975,871919982,0872096323 
0870680586 ,872030020,872030037,872030044,872030051,872030068,872030075,872030082,872030099,872030105,872030112,872030129,872030136,872030143,872030150,872030167,872030174,872030181,872030198,872030204,872030211,872030228,872030235,872030242,872030259,872030266,872030273,872030280,872030297,872030303,872030310,872030327,872030334,872030341,872030358,872030365,872030372,872030389,0872097597 
870680999,872091335,872091342,872091359,872091366,872091373,872091380,872091397,872091403,872091410,872091427,872091434,872091441,872091458,872091465,872091472,872091489,872091496,872091502,872091519,872091526,872091533,872091540,872091557,872091564,872091571,872095760,872095777,872095784,872095791,872095807,872095814,872095821,872095838,872095845,872095869,872095876,872095883,0872098006 
870681392,872095920,872095937,872095944,872095951,872095968,872095975,872095982,872095999,872096002,872096019,872096026,872096033,872096040,872096057,872096064,872096071,872096088,872096095,872096101,872096118,872096132,872096156,872096163,872096170,872096187,872096194,872096200,872096224,872096231,872096248,872096255,872096262,872096279,872096286,872096293,872096309,872096316,0872102987 
ページ,872097214,872097221,872097238,872097245,872097252,872097269,872097276,872097283,872097290,872097306,872097313,872097320,872097337,872097344,872097368,872097375,872097382,872097399,872097405,872097412,872097429,872097436,872097443,872097450,872097467,872097474,872097481,872097498,872097504,872097511,872097528,872097535,872097542,872097559,872097566,872097573,872097580,0872103380 
0870699076 ,872097627,872097634,872097641,872097658,872097665,872097672,872097696,872097702,872097719,872097726,872097733,872097740,872097757,872097764,872097771,872097788,872097795,872097801,872097818,872097825,872097832,872097849,872097856,872097863,872097870,872097887,872097894,872097900,872097917,872097924,872097931,872097948,872097955,872097962,872097979,872097986,872097993,0872213522 
870712065,872102611,872102628,872102635,872102642,872102659,872102666,872102673,872102680,872102697,872102703,872102710,872102727,872102734,872102741,872102758,872102765,872102772,872102789,872102796,872102802,872102819,872102826,872102833,872102840,872102857,872102864,872102871,872102888,872102895,872102901,872102918,872102925,872102932,872102949,872102956,872102963,872102970,0872213928 
870712461,872103014,872103021,872103038,872103045,872103052,872103069,872103076,872103083,872103090,872103106,872103113,872103120,872103137,872103144,872103151,872103168,872103175,872103182,872103199,872103205,872103212,872103229,872103236,872103243,872103250,872103267,872103274,872103281,872103298,872103304,872103311,872103328,872103335,872103342,872103359,872103366,872103373,0872252217 
ページ,872210767,872210774,872210781,872210798,872210804,872210811,872210828,872210835,872210842,872213249,872213256,872213263,872213270,872213287,872213294,872213300,872213317,872213324,872213331,872213348,872213355,872213362,872213379,872213386,872213393,872213409,872213416,872213423,872213430,872213447,872213454,872213461,872213478,872213485,872213492,872213508,872213515,0872252620 
0870713789 ,872213553,872213560,872213577,872213584,872213591,872213607,872213614,872213621,872213638,872213645,872213652,872213669,872213676,872213683,872213690,872213706,872213713,872213720,872213737,872213744,872213751,872213768,872213775,872213782,872213799,872213805,872213812,872213829,872213836,872213843,872213850,872213867,872213874,872213881,872213898,872213904,872213911,0872253863 
870714199,872214758,872214765,872214772,872214789,872214796,872214802,872214819,872215717,872215724,872215731,872215748,872215755,872215762,872215779,872215786,872215793,872215809,872215816,872215823,872215830,872215847,872215854,872215861,872215878,872215885,872215892,872215908,872215915,872215922,872215946,872215960,872215977,872252163,872252170,872252187,872252194,872252200,0872254266 
870730618,872252248,872252255,872252262,872252279,872252286,872252293,872252309,872252316,872252323,872252330,872252347,872252354,872252361,872252378,872252385,872252392,872252408,872252422,872252439,872252446,872252453,872252460,872252477,872252484,872252491,872252507,872252514,872252521,872252538,872252545,872252552,872252569,872252576,872252583,872252590,872252606,872252613,0872255461 
ページ,872253498,872253504,872253511,872253528,872253535,872253542,872253559,872253566,872253573,872253580,872253597,872253603,872253610,872253627,872253634,872253641,872253658,872253665,872253672,872253689,872253696,872253702,872253719,872253726,872253733,872253740,872253757,872253764,872253771,872253788,872253795,872253801,872253818,872253825,872253832,872253849,872253856,0872255867 
0870771321 ,872253894,872253900,872253917,872253924,872253931,872253948,872253955,872253962,872253979,872253986,872253993,872254006,872254013,872254020,872254037,872254044,872254051,872254068,872254075,872254082,872254099,872254105,872254112,872254129,872254136,872254143,872254150,872254167,872254174,872254181,872254198,872254204,872254211,872254228,872254235,872254242,872254259,0872257069 
870775046,872255096,872255102,872255119,872255126,872255133,872255140,872255157,872255164,872255171,872255188,872255195,872255201,872255218,872255225,872255232,872255249,872255256,872255263,872255270,872255287,872255294,872255300,872255317,872255324,872255331,872255348,872255355,872255362,872255379,872255386,872255393,872255409,872255416,872255423,872255430,872255447,872255454,0872257465 
870775473,872255492,872255508,872255515,872255522,872255539,872255546,872255553,872255560,872255577,872255584,872255591,872255607,872255614,872255621,872255638,872255645,872255652,872255669,872255676,872255683,872255690,872255706,872255713,872255720,872255737,872255744,872255751,872255768,872255775,872255782,872255799,872255805,872255812,872255829,872255836,872255843,872255850,0872260328 
ページ,872256697,872256703,872256710,872256727,872256734,872256741,872256758,872256765,872256772,872256789,872256796,872256802,872256819,872256826,872256833,872256840,872256857,872256864,872256871,872256888,872256895,872256901,872256918,872256925,872256932,872256949,872256956,872256963,872256970,872256987,872256994,872257007,872257014,872257021,872257038,872257045,872257052,0872260724 
0870776395 ,872257090,872257106,872257113,872257120,872257137,872257144,872257151,872257168,872257175,872257182,872257199,872257205,872257212,872257229,872257236,872257243,872257250,872257267,872257274,872257281,872257298,872257304,872257311,872257328,872257335,872257342,872257359,872257366,872257373,872257380,872257397,872257403,872257410,872257427,872257434,872257441,872257458,0872265866 
870776807,872258295,872258301,872258318,872258325,872258332,872258349,872260014,872260021,872260038,872260045,872260052,872260069,872260076,872260083,872260090,872260106,872260113,872260120,872260137,872260144,872260151,872260168,872260175,872260182,872260199,872260205,872260212,872260229,872260236,872260243,872260250,872260267,872260274,872260281,872260298,872260304,872260311,0872266269 
870777521,872260359,872260366,872260373,872260380,872260397,872260403,872260410,872260427,872260434,872260441,872260458,872260465,872260472,872260489,872260496,872260502,872260519,872260526,872260533,872260540,872260557,872260564,872260571,872260588,872260595,872260601,872260618,872260625,872260632,872260649,872260656,872260663,872260670,872260687,872260694,872260700,872260717,0872372854 
ページ,872261554,872261561,872261578,872261585,872265538,872265545,872265552,872265569,872265576,872265583,872265590,872265606,872265613,872265620,872265637,872265644,872265651,872265668,872265675,872265682,872265699,872265705,872265712,872265729,872265736,872265743,872265750,872265767,872265774,872265781,872265798,872265804,872265811,872265828,872265835,872265842,872265859,0872373271 
0870778313 ,872265897,872265903,872265910,872265927,872265934,872265941,872265958,872265965,872265972,872265989,872265996,872266009,872266016,872266023,872266030,872266047,872266054,872266061,872266078,872266085,872266092,872266108,872266115,872266122,872266139,872266146,872266153,872266160,872266177,872266184,872266191,872266207,872266214,872266221,872266238,872266245,872266252,0872410624 
870778726,872300949,872300956,872300963,872300970,872300987,872300994,872301007,872372526,872372533,872372540,872372557,872372564,872372588,872372595,872372601,872372618,872372625,872372649,872372656,872372663,872372670,872372687,872372694,872372700,872372717,872372724,872372731,872372748,872372755,872372762,872372779,872372786,872372793,872372809,872372823,872372830,872372847,0872411027 
870811096,872372885,872372892,872372908,872372915,872372922,872372939,872372946,872372953,872372960,872372977,872372984,872372991,872373004,872373011,872373028,872373035,872373042,872373059,872373066,872373080,872373103,872373110,872373127,872373134,872373141,872373158,872373165,872373172,872373189,872373196,872373202,872373219,872373226,872373233,872373240,872373257,872373264,0872412222 
ページ,872410259,872410266,872410273,872410280,872410297,872410303,872410310,872410327,872410334,872410341,872410358,872410365,872410372,872410389,872410396,872410402,872410419,872410426,872410433,872410440,872410457,872410464,872410471,872410488,872410495,872410501,872410518,872410525,872410532,872410549,872410556,872410563,872410570,872410587,872410594,872410600,872410617,0872412642 
0870812048 ,872410655,872410662,872410679,872410686,872410693,872410709,872410716,872410723,872410730,872410747,872410754,872410761,872410778,872410785,872410792,872410808,872410815,872410822,872410839,872410846,872410853,872410860,872410877,872410884,872410891,872410907,872410914,872410921,872410938,872410945,872410952,872410969,872410976,872410983,872410990,872411003,872411010,0872413878 
870827608,872411850,872411867,872411874,872411881,872411898,872411904,872411911,872411928,872411935,872411942,872411959,872411966,872411973,872411980,872411997,872412000,872412017,872412024,872412031,872412048,872412055,872412062,872412079,872412086,872412093,872412109,872412116,872412123,872412130,872412147,872412154,872412161,872412178,872412185,872412192,872412208,872412215,0872414271 
870828001,872412253,872412260,872412277,872412284,872412291,872412307,872412314,872412321,872412338,872412345,872412352,872412369,872412376,872412390,872412406,872412413,872412420,872412437,872412444,872412451,872412468,872412482,872412499,872412505,872412512,872412529,872412536,872412543,872412550,872412567,872412574,872412581,872412598,872412604,872412611,872412628,872412635,0872415476 
ページ,872413489,872413496,872413502,872413519,872413526,872413533,872413540,872413557,872413564,872413571,872413588,872413595,872413601,872413618,872413625,872413632,872413649,872413656,872413663,872413670,872413687,872413694,872413700,872413717,872413724,872413731,872413748,872413755,872413762,872413786,872413793,872413809,872413823,872413830,872413847,872413854,872413861,0872415872 
0870828797 ,872413908,872413915,872413922,872413939,872413946,872413953,872413960,872413977,872413984,872413991,872414004,872414011,872414028,872414035,872414042,872414059,872414066,872414073,872414080,872414097,872414103,872414110,872414127,872414134,872414141,872414158,872414165,872414172,872414189,872414196,872414202,872414219,872414226,872414233,872414240,872414257,872414264,0872417074 
870829206,872415100,872415117,872415124,872415131,872415148,872415155,872415162,872415179,872415186,872415193,872415209,872415216,872415223,872415230,872415247,872415254,872415261,872415278,872415285,872415292,872415308,872415315,872415322,872415339,872415346,872415353,872415360,872415377,872415384,872415391,872415407,872415414,872415421,872415438,872415445,872415452,872415469,0872417470 
870829602,872415506,872415513,872415520,872415537,872415544,872415551,872415568,872415575,872415582,872415599,872415605,872415612,872415629,872415636,872415643,872415650,872415667,872415674,872415681,872415698,872415704,872415711,872415728,872415735,872415742,872415759,872415766,872415773,872415780,872415797,872415803,872415810,872415827,872415834,872415841,872415858,872415865,
ページ,872416701,872416718,872416725,872416732,872416749,872416756,872416763,872416770,872416787,872416794,872416800,872416817,872416824,872416831,872416848,872416855,872416862,872416879,872416886,872416893,872416909,872416916,872416923,872416930,872416947,872416954,872416961,872416978,872416985,872416992,872417005,872417012,872417029,872417036,872417043,872417050,872417067,
0870958456 ,872417104,872417111,872417128,872417135,872417142,872417159,872417166,872417173,872417180,872417197,872417203,872417210,872417227,872417234,872417241,872417258,872417265,872417272,872417289,872417296,872417302,872417319,872417326,872417333,872417340,872417357,872417364,872417371,872417388,872417395,872417401,872417418,872417425,872417432,872417449,872417456,872417463,
870958869,,,,,,,,,,,,,,,,,,,,,,,,,,,,,,,,,,,,,,
871000390,,,,,,,,,,,,,,,,,,,,,,,,,,,,,,,,,,,,,,
ページ,,,,,,,,,,,,,,,,,,,,,,,,,,,,,,,,,,,,,,
0871086608 ,,,,,,,,,,,,,,,,,,,,,,,,,,,,,,,,,,,,,,
871103923,,,,,,,,,,,,,,,,,,,,,,,,,,,,,,,,,,,,,,
871104326,,,,,,,,,,,,,,,,,,,,,,,,,,,,,,,,,,,,,,
ページ,,,,,,,,,,,,,,,,,,,,,,,,,,,,,,,,,,,,,,
0871170222 ,,,,,,,,,,,,,,,,,,,,,,,,,,,,,,,,,,,,,,
871170666,,,,,,,,,,,,,,,,,,,,,,,,,,,,,,,,,,,,,,
871181433,,,,,,,,,,,,,,,,,,,,,,,,,,,,,,,,,,,,,,
ページ,,,,,,,,,,,,,,,,,,,,,,,,,,,,,,,,,,,,,,
0871190756 ,,,,,,,,,,,,,,,,,,,,,,,,,,,,,,,,,,,,,,
871422420,,,,,,,,,,,,,,,,,,,,,,,,,,,,,,,,,,,,,,
871422840,,,,,,,,,,,,,,,,,,,,,,,,,,,,,,,,,,,,,,
ページ,,,,,,,,,,,,,,,,,,,,,,,,,,,,,,,,,,,,,,
0871515481 ,,,,,,,,,,,,,,,,,,,,,,,,,,,,,,,,,,,,,,
871515894,,,,,,,,,,,,,,,,,,,,,,,,,,,,,,,,,,,,,,
871597722,,,,,,,,,,,,,,,,,,,,,,,,,,,,,,,,,,,,,,
ページ,,,,,,,,,,,,,,,,,,,,,,,,,,,,,,,,,,,,,,
0871652575 ,,,,,,,,,,,,,,,,,,,,,,,,,,,,,,,,,,,,,,
871652988,,,,,,,,,,,,,,,,,,,,,,,,,,,,,,,,,,,,,,
871655637,,,,,,,,,,,,,,,,,,,,,,,,,,,,,,,,,,,,,,
ページ,,,,,,,,,,,,,,,,,,,,,,,,,,,,,,,,,,,,,,
0871656535 ,,,,,,,,,,,,,,,,,,,,,,,,,,,,,,,,,,,,,,
871656948,,,,,,,,,,,,,,,,,,,,,,,,,,,,,,,,,,,,,,
871657365,,,,,,,,,,,,,,,,,,,,,,,,,,,,,,,,,,,,,,
ページ,,,,,,,,,,,,,,,,,,,,,,,,,,,,,,,,,,,,,,
0871658157 ,,,,,,,,,,,,,,,,,,,,,,,,,,,,,,,,,,,,,,
871658560,,,,,,,,,,,,,,,,,,,,,,,,,,,,,,,,,,,,,,
871658966,,,,,,,,,,,,,,,,,,,,,,,,,,,,,,,,,,,,,,
ページ,,,,,,,,,,,,,,,,,,,,,,,,,,,,,,,,,,,,,,
0871659758 ,,,,,,,,,,,,,,,,,,,,,,,,,,,,,,,,,,,,,,
871660570,,,,,,,,,,,,,,,,,,,,,,,,,,,,,,,,,,,,,,
871660976,,,,,,,,,,,,,,,,,,,,,,,,,,,,,,,,,,,,,,
ページ,,,,,,,,,,,,,,,,,,,,,,,,,,,,,,,,,,,,,,
0871673662 ,,,,,,,,,,,,,,,,,,,,,,,,,,,,,,,,,,,,,,
871674072,,,,,,,,,,,,,,,,,,,,,,,,,,,,,,,,,,,,,,
871674478,,,,,,,,,,,,,,,,,,,,,,,,,,,,,,,,,,,,,,
ページ,,,,,,,,,,,,,,,,,,,,,,,,,,,,,,,,,,,,,,
0871708999 ,,,,,,,,,,,,,,,,,,,,,,,,,,,,,,,,,,,,,,
871709422,,,,,,,,,,,,,,,,,,,,,,,,,,,,,,,,,,,,,,
871709842,,,,,,,,,,,,,,,,,,,,,,,,,,,,,,,,,,,,,,
ページ,,,,,,,,,,,,,,,,,,,,,,,,,,,,,,,,,,,,,,
0871735070 ,,,,,,,,,,,,,,,,,,,,,,,,,,,,,,,,,,,,,,
871736879,,,,,,,,,,,,,,,,,,,,,,,,,,,,,,,,,,,,,,
871737289,,,,,,,,,,,,,,,,,,,,,,,,,,,,,,,,,,,,,,
ページ,,,,,,,,,,,,,,,,,,,,,,,,,,,,,,,,,,,,,,
0871738071 ,,,,,,,,,,,,,,,,,,,,,,,,,,,,,,,,,,,,,,
871738484,,,,,,,,,,,,,,,,,,,,,,,,,,,,,,,,,,,,,,
871738880,,,,,,,,,,,,,,,,,,,,,,,,,,,,,,,,,,,,,,
ページ,,,,,,,,,,,,,,,,,,,,,,,,,,,,,,,,,,,,,,
0871760546 ,,,,,,,,,,,,,,,,,,,,,,,,,,,,,,,,,,,,,,
871760959,,,,,,,,,,,,,,,,,,,,,,,,,,,,,,,,,,,,,,
871761352,,,,,,,,,,,,,,,,,,,,,,,,,,,,,,,,,,,,,,
ページ,,,,,,,,,,,,,,,,,,,,,,,,,,,,,,,,,,,,,,
0871762144 ,,,,,,,,,,,,,,,,,,,,,,,,,,,,,,,,,,,,,,
871762557,,,,,,,,,,,,,,,,,,,,,,,,,,,,,,,,,,,,,,
871770149,,,,,,,,,,,,,,,,,,,,,,,,,,,,,,,,,,,,,,
ページ,,,,,,,,,,,,,,,,,,,,,,,,,,,,,,,,,,,,,,
0871770941 ,,,,,,,,,,,,,,,,,,,,,,,,,,,,,,,,,,,,,,
871771351,,,,,,,,,,,,,,,,,,,,,,,,,,,,,,,,,,,,,,
871771757,,,,,,,,,,,,,,,,,,,,,,,,,,,,,,,,,,,,,,
ページ,,,,,,,,,,,,,,,,,,,,,,,,,,,,,,,,,,,,,,
0871776622 ,,,,,,,,,,,,,,,,,,,,,,,,,,,,,,,,,,,,,,
871777032,,,,,,,,,,,,,,,,,,,,,,,,,,,,,,,,,,,,,,
871777438,,,,,,,,,,,,,,,,,,,,,,,,,,,,,,,,,,,,,,
ページ,,,,,,,,,,,,,,,,,,,,,,,,,,,,,,,,,,,,,,
0871822879 ,,,,,,,,,,,,,,,,,,,,,,,,,,,,,,,,,,,,,,
871864800,,,,,,,,,,,,,,,,,,,,,,,,,,,,,,,,,,,,,,
871910323,,,,,,,,,,,,,,,,,,,,,,,,,,,,,,,,,,,,,,
ページ,,,,,,,,,,,,,,,,,,,,,,,,,,,,,,,,,,,,,,
0871911153 ,,,,,,,,,,,,,,,,,,,,,,,,,,,,,,,,,,,,,,
871911580,,,,,,,,,,,,,,,,,,,,,,,,,,,,,,,,,,,,,,
871911986,,,,,,,,,,,,,,,,,,,,,,,,,,,,,,,,,,,,,,
ページ,,,,,,,,,,,,,,,,,,,,,,,,,,,,,,,,,,,,,,
0871912792 ,,,,,,,,,,,,,,,,,,,,,,,,,,,,,,,,,,,,,,
871913218,,,,,,,,,,,,,,,,,,,,,,,,,,,,,,,,,,,,,,
871913614,,,,,,,,,,,,,,,,,,,,,,,,,,,,,,,,,,,,,,
ページ,,,,,,,,,,,,,,,,,,,,,,,,,,,,,,,,,,,,,,
0871914406 ,,,,,,,,,,,,,,,,,,,,,,,,,,,,,,,,,,,,,,
871914819,,,,,,,,,,,,,,,,,,,,,,,,,,,,,,,,,,,,,,
871915212,,,,,,,,,,,,,,,,,,,,,,,,,,,,,,,,,,,,,,
ページ,,,,,,,,,,,,,,,,,,,,,,,,,,,,,,,,,,,,,,
0871916004 ,,,,,,,,,,,,,,,,,,,,,,,,,,,,,,,,,,,,,,
871916417,,,,,,,,,,,,,,,,,,,,,,,,,,,,,,,,,,,,,,
871916813,,,,,,,,,,,,,,,,,,,,,,,,,,,,,,,,,,,,,,
ページ,,,,,,,,,,,,,,,,,,,,,,,,,,,,,,,,,,,,,,
0871917605 ,,,,,,,,,,,,,,,,,,,,,,,,,,,,,,,,,,,,,,
871918015,,,,,,,,,,,,,,,,,,,,,,,,,,,,,,,,,,,,,,
871918411,,,,,,,,,,,,,,,,,,,,,,,,,,,,,,,,,,,,,,
ページ,,,,,,,,,,,,,,,,,,,,,,,,,,,,,,,,,,,,,,
0871919203 ,,,,,,,,,,,,,,,,,,,,,,,,,,,,,,,,,,,,,,
871919616,,,,,,,,,,,,,,,,,,,,,,,,,,,,,,,,,,,,,,
872030013,,,,,,,,,,,,,,,,,,,,,,,,,,,,,,,,,,,,,,
ページ,,,,,,,,,,,,,,,,,,,,,,,,,,,,,,,,,,,,,,
0872055825 ,,,,,,,,,,,,,,,,,,,,,,,,,,,,,,,,,,,,,,
872091328,,,,,,,,,,,,,,,,,,,,,,,,,,,,,,,,,,,,,,
872095913,,,,,,,,,,,,,,,,,,,,,,,,,,,,,,,,,,,,,,
ページ,,,,,,,,,,,,,,,,,,,,,,,,,,,,,,,,,,,,,,
0872096781 ,,,,,,,,,,,,,,,,,,,,,,,,,,,,,,,,,,,,,,
872097207,,,,,,,,,,,,,,,,,,,,,,,,,,,,,,,,,,,,,,
872097610,,,,,,,,,,,,,,,,,,,,,,,,,,,,,,,,,,,,,,
ページ,,,,,,,,,,,,,,,,,,,,,,,,,,,,,,,,,,,,,,
0872098419 ,,,,,,,,,,,,,,,,,,,,,,,,,,,,,,,,,,,,,,
872102604,,,,,,,,,,,,,,,,,,,,,,,,,,,,,,,,,,,,,,
872103007,,,,,,,,,,,,,,,,,,,,,,,,,,,,,,,,,,,,,,
ページ,,,,,,,,,,,,,,,,,,,,,,,,,,,,,,,,,,,,,,
0872210347 ,,,,,,,,,,,,,,,,,,,,,,,,,,,,,,,,,,,,,,
872210750,,,,,,,,,,,,,,,,,,,,,,,,,,,,,,,,,,,,,,
872213546,,,,,,,,,,,,,,,,,,,,,,,,,,,,,,,,,,,,,,
ページ,,,,,,,,,,,,,,,,,,,,,,,,,,,,,,,,,,,,,,
0872214338 ,,,,,,,,,,,,,,,,,,,,,,,,,,,,,,,,,,,,,,
872214741,,,,,,,,,,,,,,,,,,,,,,,,,,,,,,,,,,,,,,
872252231,,,,,,,,,,,,,,,,,,,,,,,,,,,,,,,,,,,,,,
ページ,,,,,,,,,,,,,,,,,,,,,,,,,,,,,,,,,,,,,,
0872253054 ,,,,,,,,,,,,,,,,,,,,,,,,,,,,,,,,,,,,,,
872253481,,,,,,,,,,,,,,,,,,,,,,,,,,,,,,,,,,,,,,
872253887,,,,,,,,,,,,,,,,,,,,,,,,,,,,,,,,,,,,,,
ページ,,,,,,,,,,,,,,,,,,,,,,,,,,,,,,,,,,,,,,
0872254679 ,,,,,,,,,,,,,,,,,,,,,,,,,,,,,,,,,,,,,,
872255089,,,,,,,,,,,,,,,,,,,,,,,,,,,,,,,,,,,,,,
872255485,,,,,,,,,,,,,,,,,,,,,,,,,,,,,,,,,,,,,,
ページ,,,,,,,,,,,,,,,,,,,,,,,,,,,,,,,,,,,,,,
0872256277 ,,,,,,,,,,,,,,,,,,,,,,,,,,,,,,,,,,,,,,
872256680,,,,,,,,,,,,,,,,,,,,,,,,,,,,,,,,,,,,,,
872257083,,,,,,,,,,,,,,,,,,,,,,,,,,,,,,,,,,,,,,
ページ,,,,,,,,,,,,,,,,,,,,,,,,,,,,,,,,,,,,,,
0872257878 ,,,,,,,,,,,,,,,,,,,,,,,,,,,,,,,,,,,,,,
872258288,,,,,,,,,,,,,,,,,,,,,,,,,,,,,,,,,,,,,,
872260342,,,,,,,,,,,,,,,,,,,,,,,,,,,,,,,,,,,,,,
ページ,,,,,,,,,,,,,,,,,,,,,,,,,,,,,,,,,,,,,,
0872261134 ,,,,,,,,,,,,,,,,,,,,,,,,,,,,,,,,,,,,,,
872261547,,,,,,,,,,,,,,,,,,,,,,,,,,,,,,,,,,,,,,
872265880,,,,,,,,,,,,,,,,,,,,,,,,,,,,,,,,,,,,,,
ページ,,,,,,,,,,,,,,,,,,,,,,,,,,,,,,,,,,,,,,
0872300529 ,,,,,,,,,,,,,,,,,,,,,,,,,,,,,,,,,,,,,,
872300932,,,,,,,,,,,,,,,,,,,,,,,,,,,,,,,,,,,,,,
872372878,,,,,,,,,,,,,,,,,,,,,,,,,,,,,,,,,,,,,,
ページ,,,,,,,,,,,,,,,,,,,,,,,,,,,,,,,,,,,,,,
0872373684 ,,,,,,,,,,,,,,,,,,,,,,,,,,,,,,,,,,,,,,
872410242,,,,,,,,,,,,,,,,,,,,,,,,,,,,,,,,,,,,,,
872410648,,,,,,,,,,,,,,,,,,,,,,,,,,,,,,,,,,,,,,
ページ,,,,,,,,,,,,,,,,,,,,,,,,,,,,,,,,,,,,,,
0872411430 ,,,,,,,,,,,,,,,,,,,,,,,,,,,,,,,,,,,,,,
872411843,,,,,,,,,,,,,,,,,,,,,,,,,,,,,,,,,,,,,,
872412246,,,,,,,,,,,,,,,,,,,,,,,,,,,,,,,,,,,,,,
ページ,,,,,,,,,,,,,,,,,,,,,,,,,,,,,,,,,,,,,,
0872413069 ,,,,,,,,,,,,,,,,,,,,,,,,,,,,,,,,,,,,,,
872413472,,,,,,,,,,,,,,,,,,,,,,,,,,,,,,,,,,,,,,
872413892,,,,,,,,,,,,,,,,,,,,,,,,,,,,,,,,,,,,,,
ページ,,,,,,,,,,,,,,,,,,,,,,,,,,,,,,,,,,,,,,
0872414684 ,,,,,,,,,,,,,,,,,,,,,,,,,,,,,,,,,,,,,,
872415094,,,,,,,,,,,,,,,,,,,,,,,,,,,,,,,,,,,,,,
872415490,,,,,,,,,,,,,,,,,,,,,,,,,,,,,,,,,,,,,,
ページ,,,,,,,,,,,,,,,,,,,,,,,,,,,,,,,,,,,,,,
0872416282 ,,,,,,,,,,,,,,,,,,,,,,,,,,,,,,,,,,,,,,
872416695,,,,,,,,,,,,,,,,,,,,,,,,,,,,,,,,,,,,,,
872417098,,,,,,,,,,,,,,,,,,,,,,,,,,,,,,,,,,,,,,
