,ID,Failure Code
0,1136242371,-4.0
0,1172529672,-4.0
0,1773938651,-4.0
0,1116905784,-4.0
0,1148162704,-4.0
0,1150924970,-4.0
0,1120325745,-4.0
0,1120065801,-4.0
0,1144162333,-4.0
0,1188963224,-4.0
0,1123283134,-4.0
0,1773279747,-4.0
0,1158295966,-4.0
0,1173421739,-4.0
0,1201121730,-4.0
0,1140631840,-4.0
0,1111829900,-4.0
0,1154067581,-4.0
0,1126281496,-4.0
0,1124567783,-4.0
0,1167491632,-4.0
0,1149707768,-4.0
0,1151961899,-4.0
0,1141126499,-4.0
0,1106535175,-4.0
0,1133868482,-4.0
0,1145395471,-4.0
0,1184797571,-4.0
0,1140717568,-4.0
0,1183847369,-4.0
0,1105005983,-4.0
0,1105969339,-4.0
0,1128441911,-4.0
0,1174534247,-4.0
0,1107669206,-4.0
0,1191116730,-4.0
0,1633718478,-4.0
0,1138481440,-4.0
0,1131227311,-4.0
0,1127085260,-4.0
0,1139396873,-4.0
0,1146956374,-4.0
0,1746721464,-4.0
0,1161253908,-4.0
0,1179163343,-4.0
0,1697994900,-4.0
0,1174543959,-4.0
0,1135701183,-4.0
0,1112053328,-4.0
0,1129771307,-4.0
0,1797547396,-4.0
0,1102490577,-4.0
0,1124182689,-4.0
0,1173896551,-4.0
0,1317301354,-4.0
0,1113418799,-4.0
0,1402886605,-4.0
0,1165993435,-4.0
0,1105851078,-4.0
0,1106999236,-4.0
0,1137577519,-4.0
0,1139407944,-4.0
0,1234988096,-4.0
0,1701955613,-4.0
0,1107730364,-4.0
0,1191560984,-4.0
0,1103013553,-4.0
0,1451926260,-4.0
0,1102523923,-4.0
0,1160340845,-4.0
0,1141858697,-4.0
0,1144434331,-4.0
0,1126279318,-4.0
0,1709353985,-4.0
0,1170897964,-4.0
0,1128705617,-4.0
0,1167952638,-4.0
0,1426346055,-4.0
0,1171904395,-4.0
0,1141920806,-4.0
0,1666236727,-4.0
0,1191731926,-4.0
0,1126482312,-4.0
0,1102890100,-4.0
0,1144194693,-4.0
0,1144486231,-4.0
0,1129673953,-4.0
0,1106521994,-4.0
0,1122637587,-4.0
0,1130990711,-4.0
0,1102042387,-4.0
0,1582323457,-4.0
0,1107620184,-4.0
0,1137234511,-4.0
0,1121399967,-4.0
0,1103370212,-4.0
0,1134438943,-4.0
0,1198791176,-4.0
0,1136432260,-4.0
0,1128297464,-4.0
0,1112101111,-4.0
0,1177750835,-4.0
0,1165865909,-4.0
0,1134048739,-4.0
0,1466981513,-4.0
0,1176787573,-4.0
0,1141600401,-4.0
0,1136572799,-4.0
0,1117529897,-4.0
0,1170823185,-4.0
0,1142448903,-4.0
0,1117056614,-4.0
0,1167990340,-4.0
0,1191675626,-4.0
0,1141406867,-4.0
0,1730471276,-4.0
0,1184996042,-4.0
0,1665502427,-4.0
0,1172718557,-4.0
0,1125672868,-4.0
0,1134491597,-4.0
0,1117530848,-4.0
0,1110979606,-4.0
0,1491755370,-4.0
0,1129118393,-4.0
0,1725551969,-4.0
0,1125015207,-4.0
0,1192281758,-4.0
0,1171816681,-4.0
0,1173853257,-4.0
0,1153705651,-4.0
0,1133737368,-4.0
0,1113868549,-4.0
0,1168973359,-4.0
0,1141915062,-4.0
0,1170854837,-4.0
0,1436669670,-4.0
0,1688314069,-4.0
0,1164015893,-4.0
0,1111671769,-4.0
0,1141685484,-4.0
0,1119862237,-4.0
0,1103230783,-4.0
0,1127965661,-4.0
0,1544075912,-4.0
0,1155147978,-4.0
0,1128154149,-4.0
0,1104701732,-4.0
0,1140182786,-4.0
0,1110048357,-4.0
0,1194138173,-4.0
0,1179676171,-4.0
0,1159995926,-4.0
0,1225002060,-4.0
0,1227261441,-4.0
0,1106213288,-4.0
0,1105778511,-4.0
0,1162045564,-4.0
0,1156767571,-4.0
0,1109234747,-4.0
0,1109753903,-4.0
0,1141891458,-4.0
0,1192268186,-4.0
0,1194826650,-4.0
0,1167084964,-4.0
0,1111002624,-4.0
0,1149270361,-4.0
0,1100731313,-4.0
0,1110845345,-4.0
0,1187994410,-4.0
0,1124200345,-4.0
0,1578990571,-4.0
0,1163525461,-4.0
0,1158193989,-4.0
0,1749548556,-4.0
0,1145441000,-4.0
0,1109707982,-4.0
0,1102949280,-4.0
0,1105237827,-4.0
0,1636197065,-4.0
0,1171763060,-4.0
0,1164222185,-4.0
0,1425785220,-4.0
0,1146125688,-4.0
0,1192890547,-4.0
0,1729544745,-4.0
0,1112875746,-4.0
0,1164549152,-4.0
0,1193787907,-4.0
0,1155931676,-4.0
0,1141184673,-4.0
0,1327073197,-4.0
0,1110679780,-4.0
0,1148127840,-4.0
0,1140433482,-4.0
0,1110209727,-4.0
0,1106909334,-4.0
0,1152937640,-4.0
0,1178769218,-4.0
0,1141975967,-4.0
0,1146908243,-4.0
0,1192854686,-4.0
0,1140669812,-4.0
0,1110574535,-4.0
0,1111948700,-4.0
0,1194575886,-4.0
0,1120623490,-4.0
0,1126370398,-4.0
0,1172424069,-4.0
0,1141845994,-4.0
0,1155136583,-4.0
0,1194773992,-4.0
0,1128096258,-4.0
0,1111587992,-4.0
0,1136368170,-4.0
0,1158186219,-4.0
0,1133157241,-4.0
0,1167542525,-4.0
0,1194590414,-4.0
0,1155168928,-4.0
0,1129315235,-4.0
0,1119606008,-4.0
0,1440233867,-4.0
0,1116688571,-4.0
0,1136779006,-4.0
0,1165088568,-4.0
0,1157090593,-4.0
0,1143850286,-4.0
0,1193244936,-4.0
0,1138201987,-4.0
0,1198986367,-4.0
0,1137350570,-4.0
0,1152577778,-4.0
0,1109735244,-4.0
0,1114027341,-4.0
0,1152750379,-4.0
0,1139603513,-4.0
0,1168252386,-4.0
0,1493337291,-4.0
0,1110538834,-4.0
0,1130769140,-4.0
0,1137910996,-4.0
0,1103109331,-4.0
0,1188836993,-4.0
0,1142024008,-4.0
0,1176167955,-4.0
0,1124573432,-4.0
0,1132488650,-4.0
0,1119895662,-4.0
0,1133426613,-4.0
0,1120204613,-4.0
0,1120693363,-4.0
0,1134235009,-4.0
0,1154634950,-4.0
0,1226983665,-4.0
0,1169645194,-4.0
0,1104757364,-4.0
0,1118095667,-4.0
0,1622276354,-4.0
0,1516118098,-4.0
0,1131887874,-4.0
0,1113791335,-4.0
0,1127233852,-4.0
0,1676463076,-4.0
0,1194393565,-4.0
0,1183762020,-4.0
0,1169611618,-4.0
0,1168268677,-4.0
0,1174893030,-4.0
0,1159175380,-4.0
0,1150953086,-4.0
0,1123472903,-4.0
0,1158170812,-4.0
0,1141591730,-4.0
0,1228832169,-4.0
0,1172658709,-4.0
0,1162290193,-4.0
0,1148343462,-4.0
0,1271945052,-4.0
0,1135422866,-4.0
0,1130144411,-4.0
0,1167589520,-4.0
0,1197349750,-4.0
0,1107127188,-4.0
0,1102066123,-4.0
0,1169714586,-4.0
0,1786097857,-4.0
0,1149651313,-4.0
0,1117666554,-4.0
0,1174535664,-4.0
0,1623191120,-4.0
0,1163235247,-4.0
0,1184296272,-4.0
0,1187716777,-4.0
0,1591658076,-4.0
0,1120783484,-4.0
0,1109948866,-4.0
0,1144199919,-4.0
0,1113508933,-4.0
0,1186468271,-4.0
0,1107272932,-4.0
0,1101658992,-4.0
0,1108355573,-4.0
0,1158144974,-4.0
0,1171425258,-4.0
0,1792097568,-4.0
0,1169183993,-4.0
0,1113596220,-4.0
0,1149831593,-4.0
0,1135207777,-4.0
0,1505660430,-4.0
0,1793780735,-4.0
0,1678784469,-4.0
0,1543990964,-4.0
0,1108584355,-4.0
0,1544856719,-4.0
0,1192983454,-4.0
0,1158368554,-4.0
0,1192592571,-4.0
0,1166681959,-4.0
0,1111151414,-4.0
0,1145256291,-4.0
0,1137302661,-4.0
0,1194271283,-4.0
0,1126962487,-4.0
0,1103822995,-4.0
0,1155587293,-4.0
0,1112626768,-4.0
0,1128471888,-4.0
0,1156532438,-4.0
0,1769960017,-4.0
0,1170573554,-4.0
0,1170925094,-4.0
0,1127977343,-4.0
0,1102527716,-4.0
0,1116534793,-4.0
0,1130054321,-4.0
0,1178873540,-4.0
0,1762124959,-4.0
0,1146195339,-4.0
0,1153326870,-4.0
0,1108493008,-4.0
0,1484095490,-4.0
0,1138216554,-4.0
0,1109216347,-4.0
0,1168433600,-4.0
0,1116257746,-4.0
0,1136758650,-4.0
0,1117183679,-4.0
0,1146238739,-4.0
0,1139998473,-4.0
0,1144972567,-4.0
0,1139520391,-4.0
0,1271721823,-4.0
0,1144272841,-4.0
0,1161574485,-4.0
0,1654512772,-4.0
0,1196515132,-4.0
0,1172275401,-4.0
0,1193716457,-4.0
0,1155401414,-4.0
0,1109954478,-4.0
0,1170175093,-4.0
0,1194678051,-4.0
0,1187190911,-4.0
0,1127125317,-4.0
0,1144546539,-4.0
0,1163687787,-4.0
0,1144047401,-4.0
0,1465341905,-4.0
0,1576135059,-4.0
0,1191095325,-4.0
0,1193092865,-4.0
0,1170152643,-4.0
0,1178669419,-4.0
0,1168421928,-4.0
0,1173124869,-4.0
0,1146020808,-4.0
0,1172897566,-4.0
0,1147749722,-4.0
0,1184061474,-4.0
0,1172951756,-4.0
0,1661365279,-4.0
0,1126554927,-4.0
0,1184439037,-4.0
0,1126677770,-4.0
0,1123089507,-4.0
0,1617405332,-4.0
0,1131535348,-4.0
0,1129694729,-4.0
0,1137073851,-4.0
0,1171438845,-4.0
0,1193516262,-4.0
0,1103296680,-4.0
0,1150786004,-4.0
0,1101849840,-4.0
0,1159079978,-4.0
0,1167013216,-4.0
0,1111780232,-4.0
0,1114048070,-4.0
0,1561004247,-4.0
0,1567799499,-4.0
0,1138316148,-4.0
0,1102143824,-4.0
0,1172642951,-4.0
0,1193350866,-4.0
0,1113665223,-4.0
0,1122020990,-4.0
0,1553841287,-4.0
0,1146003429,-4.0
0,1134788086,-4.0
0,1649425827,-4.0
0,1161680391,-4.0
0,1757697826,-4.0
0,1127623288,-4.0
0,1163078615,-4.0
0,1132517244,-4.0
0,1167555471,-4.0
0,1124413547,-4.0
0,1107315301,-4.0
0,1179222194,-4.0
0,1524332059,-4.0
0,1677754401,-4.0
0,1193157342,-4.0
0,1120686693,-4.0
0,1123734773,-4.0
0,1189694264,-4.0
0,1135534569,-4.0
0,1197293015,-4.0
0,1186077015,-4.0
0,1120874861,-4.0
0,1149615681,-4.0
0,1176824728,-4.0
0,1172296529,-4.0
0,1276285245,-4.0
0,1137775281,-4.0
0,1184190938,-4.0
0,1121316520,-4.0
0,1156861934,-4.0
0,1630632647,-4.0
0,1305775044,-4.0
0,1144511933,-4.0
0,1152986747,-4.0
0,1161218631,-4.0
0,1193345527,-4.0
0,1144827843,-4.0
0,1174493322,-4.0
0,1102380335,-4.0
0,1271703560,-4.0
0,1122784977,-4.0
0,1117610625,-4.0
0,1137921824,-4.0
0,1130780152,-4.0
0,1138082760,-4.0
0,1130043820,-4.0
0,1406935934,-4.0
0,1165898556,-4.0
0,1283432434,-4.0
0,1170734764,-4.0
0,1101681587,-4.0
0,1134464126,-4.0
0,1150821569,-4.0
0,1124071662,-4.0
0,1113929288,-4.0
0,1158544989,-4.0
0,1167693012,-4.0
0,1194862481,-4.0
0,1120577939,-4.0
0,1141923418,-4.0
0,1117508939,-4.0
0,1167998322,-4.0
0,1104765833,-4.0
0,1146185835,-4.0
0,1174765078,-4.0
0,1146175669,-4.0
0,1109579596,-4.0
0,1171044305,-4.0
0,1122443386,-4.0
0,1169699050,-4.0
0,1144168984,-4.0
0,1176569230,-4.0
0,1413042212,-4.0
0,1451639733,-4.0
0,1159007315,-4.0
0,1133698416,-4.0
0,1167759657,-4.0
0,1282171303,-4.0
0,1627367941,-4.0
0,1102565305,-4.0
0,1149693559,-4.0
0,1133224646,-4.0
0,1158397288,-4.0
0,1104683786,-4.0
0,1104346285,-4.0
0,1118641932,-4.0
0,1115730776,-4.0
0,1448758607,-4.0
0,1149271924,-4.0
0,1700281140,-4.0
0,1133828325,-4.0
0,1104667281,-4.0
0,1152784985,-4.0
0,1277510605,-4.0
0,1100071853,-4.0
0,1192475997,-4.0
0,1192651155,-4.0
0,1126887582,-4.0
0,1137390446,-4.0
0,1101020713,-4.0
0,1106359948,-4.0
0,1130959565,-4.0
0,1137512466,-4.0
0,1112082397,-4.0
0,1543461037,-4.0
0,1143841758,-4.0
0,1178008522,-4.0
0,1135373595,-4.0
0,1197576347,-4.0
0,1118021741,-4.0
0,1660217180,-4.0
0,1172928420,-4.0
0,1170127092,-4.0
0,1714651892,-4.0
0,1150858756,-4.0
0,1131358077,-4.0
0,1105834750,-4.0
0,1143755727,-4.0
0,1121123609,-4.0
0,1104756633,-4.0
0,1113850322,-4.0
0,1504031729,-4.0
0,1169735390,-4.0
0,1129471535,-4.0
0,1140847951,-4.0
0,1162323280,-4.0
0,1110831669,-4.0
0,1119201104,-4.0
0,1127013959,-4.0
0,1192090350,-4.0
0,1103615313,-4.0
0,1191136974,-4.0
0,1130384367,-4.0
0,1168076708,-4.0
0,1773000501,-4.0
0,1148663874,-4.0
0,1107011227,-4.0
0,1151504621,-4.0
0,1133816230,-4.0
0,1127491702,-4.0
0,1132647842,-4.0
0,1107554199,-4.0
0,1136282766,-4.0
0,1138154382,-4.0
0,1193427544,-4.0
0,1693230743,-4.0
0,1417678349,-4.0
0,1128280947,-4.0
0,1178880470,-4.0
0,1152763508,-4.0
0,1108164809,-4.0
0,1141132742,-4.0
0,1120494885,-4.0
0,1168717618,-4.0
0,1152201505,-4.0
0,1109290859,-4.0
0,1172157431,-4.0
0,1461354558,-4.0
0,1576015498,-4.0
0,1276948393,-4.0
0,1140524883,-4.0
0,1191297521,-4.0
0,1148732860,-4.0
0,1116359747,-4.0
0,1111882387,-4.0
0,1530146992,-4.0
0,1145388794,-4.0
0,1221929224,-4.0
0,1154624159,-4.0
0,1129906891,-4.0
0,1157363734,-4.0
0,1117051831,-4.0
0,1171287788,-4.0
0,1170022557,-4.0
0,1115844688,-4.0
0,1142495457,-4.0
0,1175303682,-4.0
0,1153943282,-4.0
0,1173614025,-4.0
0,1129375314,-4.0
0,1112262225,-4.0
0,1195938499,-4.0
0,1163213764,-4.0
0,1189286292,-4.0
0,1503528152,-4.0
0,1142544490,-4.0
0,1146689586,-4.0
0,1123393864,-4.0
0,1115027548,-4.0
0,1222495810,-4.0
0,1113000604,-4.0
0,1149591985,-4.0
0,1133344948,-4.0
0,1163922338,-4.0
0,1120227858,-4.0
0,1191665245,-4.0
0,1163856688,-4.0
0,1534839753,-4.0
0,1125091577,-4.0
0,1135702692,-4.0
0,1119208516,-4.0
0,1174030398,-4.0
0,1189836640,-4.0
0,1148333470,-4.0
0,1132618149,-4.0
0,1171442743,-4.0
0,1139987378,-4.0
0,1184956848,-4.0
0,1549638365,-4.0
0,1125107674,-4.0
0,1113483605,-4.0
0,1120915700,-4.0
0,1493082320,-4.0
0,1130899540,-4.0
0,1162370314,-4.0
0,1582869801,-4.0
0,1113242882,-4.0
0,1143123649,-4.0
0,1127860133,-4.0
0,1731814768,-4.0
0,1155971597,-4.0
0,1140769376,-4.0
0,1129092297,-4.0
0,1113375467,-4.0
0,1193441311,-4.0
0,1111716989,-4.0
0,1141014741,-4.0
0,1150062139,-4.0
0,1474572574,-4.0
0,1126521127,-4.0
0,1113768788,-4.0
0,1178943236,-4.0
0,1460180226,-4.0
0,1783952845,-4.0
0,1107377002,-4.0
0,1193180470,-4.0
0,1158804373,-4.0
0,1128182357,-4.0
0,1158062346,-4.0
0,1191863252,-4.0
0,1720597559,-4.0
0,1141285844,-4.0
0,1665948539,-4.0
0,1118909810,-4.0
0,1126618216,-4.0
0,1170106196,-4.0
0,1138205961,-4.0
0,1162944911,-4.0
0,1163191277,-4.0
0,1102757458,-4.0
0,1310967830,-4.0
0,1143334212,-4.0
0,1539553425,-4.0
0,1113200219,-4.0
0,1580549774,-4.0
0,1522794187,-4.0
0,1160341866,-4.0
0,1101701605,-4.0
0,1187555840,-4.0
0,1105981256,-4.0
0,1130920800,-4.0
0,1158302176,-4.0
0,1169834734,-4.0
0,1148277262,-4.0
0,1103307409,-4.0
0,1158825262,-4.0
0,1619287950,-4.0
0,1103087905,-4.0
0,1133795344,-4.0
0,1132461332,-4.0
0,1117483571,-4.0
0,1135317353,-4.0
0,1142088406,-4.0
0,1133215385,-4.0
0,1130285954,-4.0
0,1418240279,-4.0
0,1112674936,-4.0
0,1166949936,-4.0
0,1175758055,-4.0
0,1170170081,-4.0
0,1157793159,-4.0
0,1167637313,-4.0
0,1792474659,-4.0
0,1181739604,-4.0
0,1161986578,-4.0
0,1102740580,-4.0
0,1191519142,-4.0
0,1159230287,-4.0
0,1172589164,-4.0
0,1145878875,-4.0
0,1197144560,-4.0
0,1179627869,-4.0
0,1290701431,-4.0
0,1127666773,-4.0
0,1711566953,-4.0
0,1162501886,-4.0
0,1106174367,-4.0
0,1155987444,-4.0
0,1669531874,-4.0
0,1109388068,-4.0
0,1136909847,-4.0
0,1674129783,-4.0
0,1107880816,-4.0
0,1140949990,-4.0
0,1128025098,-4.0
0,1158641695,-4.0
0,1138099836,-4.0
0,1176982640,-4.0
0,1653076763,-4.0
0,1119144661,-4.0
0,1159040619,-4.0
0,1739878687,-4.0
0,1125940998,-4.0
0,1670707947,-4.0
0,1188879341,-4.0
0,1194243112,-4.0
0,1112835603,-4.0
0,1128817624,-4.0
0,1149854981,-4.0
0,1169174427,-4.0
0,1103831669,-4.0
0,1107884715,-4.0
0,1107185096,-4.0
0,1176780260,-4.0
0,1516401336,-4.0
0,1125633821,-4.0
0,1168370257,-4.0
0,1136702523,-4.0
0,1127431616,-4.0
0,1197592941,-4.0
0,1172483936,-4.0
0,1130022498,-4.0
0,1174829305,-4.0
