,id0,id1,id2,個体識別番号,出生の年月日,雌雄の別,母牛の個体識別番号,種別,輸入年月日,輸入先の国名 
0,13668,0404,2,1366804042,2012.09.18,メス,0487002801,ホルスタイン種,,
0,11872,7462,8,1187274628,2003.05.02,メス,1073179020,黒毛和種,,
0,11659,5074,2,1165950742,2002.11.16,去勢（雄）,1015749175,交雑種（肉専用種Ｘ乳用種）,,
0,11964,0925,7,1196409257,2003.02.02,去勢（雄）,,肉専用種,2003.08.25,オーストラリア
0,11759,2338,5,1175923385,2002.11.10,去勢（雄）,1079632468,黒毛和種,,
0,11003,4621,0,1100346210,,,,,,
0,11988,0158,5,1198801585,2004.02.03,去勢（雄）,1093143025,黒毛和種,,
0,11437,1506,6,1143715066,2000.02.01,メス,,黒毛和種,,
0,11786,2524,8,1178625248,2003.04.21,メス,1087716716,黒毛和種,,
0,11687,9736,8,1168797368,2000.10.31,去勢（雄）,,交雑種（肉専用種Ｘ乳用種）,,
0,11770,3206,1,1177032061,2003.05.28,メス,1160235059,黒毛和種,,
0,11993,1918,8,1199319188,2004.11.30,去勢（雄）,1048063194,ホルスタイン種,,
0,11597,4881,2,1159748812,2002.01.28,メス,,交雑種（肉専用種Ｘ乳用種）,,
0,12424,5988,5,1242459885,2008.09.21,オス,1101097142,交雑種（肉専用種Ｘ乳用種）,,
0,11747,8245,7,1174782457,2002.10.11,去勢（雄）,1073690099,交雑種（肉専用種Ｘ乳用種）,,
0,12499,0595,8,1249905958,2009.04.30,メス,0227007134,黒毛和種,,
0,11429,0714,1,1142907141,2000.08.28,去勢,,黒毛和種,,
0,11988,2329,7,1198823297,2004.04.19,メス,1164020040,黒毛和種,,
0,11220,5763,7,1122057637,,,,,,
0,11245,8509,1,1124585091,,,,,,
0,11526,3138,8,1152631388,2007.05.12,メス,0483903294,ホルスタイン種,,
0,11150,1277,3,1115012773,,,,,,
0,11426,7207,0,1142672070,2001.06.08,去勢,,その他,,
0,11346,1080,6,1134610806,,,,,,
0,11794,6600,0,1179466000,2002.11.25,メス,0235201838,ホルスタイン種,,
0,11988,0756,3,1198807563,2004.03.03,メス,1104659286,黒毛和種,,
0,14180,1589,1,1418015891,2016.12.04,メス,1301410970,交雑種（肉専用種Ｘ乳用種）,,
0,11456,7704,1,1145677041,2003.06.07,メス,1145677027,黒毛和種,,
0,11384,0314,5,1138403145,1996.10.16,メス,1138403046,黒毛和種,,
0,11803,5096,1,1180350961,2002.11.17,オス,1033004485,ホルスタイン種,,
0,11804,2533,1,1180425331,2002.08.05,去勢（雄）,1057278138,黒毛和種,,
0,11317,9925,2,1131799252,2001.03.01,去勢（雄）,,ホルスタイン種,,
0,11471,1654,8,1147116548,2003.06.08,去勢（雄）,0553504277,ホルスタイン種,,
0,11212,6327,5,1121263275,,,,,,
0,11537,1824,8,1153718248,1996.10.25,メス,,ホルスタイン種,,
0,11182,7357,7,1118273577,1996.11.19,メス,,黒毛和種,,
0,11800,3170,9,1180031709,2009.03.27,メス,1202695971,乳用種,,
0,11554,2502,1,1155425021,2000.06.04,メス,,黒毛和種,,
0,11352,7704,6,1135277046,1999.11.04,メス,,黒毛和種,,
0,11758,7628,5,1175876285,2003.02.18,オス,,ホルスタイン種,,
0,12526,1433,5,1252614335,2009.05.06,去勢（雄）,1215148242,黒毛和種,,
0,14335,5605,8,1433556058,2015.09.19,メス,1262867691,黒毛和種,,
0,11784,9501,8,1178495018,2003.04.08,メス,1099644083,ホルスタイン種,,
0,11653,1138,3,1165311383,2002.03.01,メス,1009811062,ホルスタイン種,,
0,11619,1512,7,1161915127,2002.05.15,オス,1014043298,ホルスタイン種,,
0,13867,1428,4,1386714284,2014.02.28,メス,1311812047,ホルスタイン種,,
0,12166,7307,1,1216673071,2005.08.12,メス,1178356449,ホルスタイン種,,
0,11442,6602,4,1144266024,1996.07.01,メス,,黒毛和種,,
0,11006,8549,4,1100685494,2000.11.09,メス,,交雑種（肉専用種Ｘ乳用種）,,
0,11226,6650,1,1122666501,2001.07.14,去勢（雄）,,交雑種（肉専用種Ｘ乳用種）,,
0,11703,2141,4,1170321414,2002.09.20,去勢（雄）,0300503171,ホルスタイン種,,
0,11757,3855,2,1175738552,2004.04.18,メス,1099747654,交雑種（肉専用種Ｘ乳用種）,,
0,11171,5042,8,1117150428,2000.07.01,メス,,黒毛和種,,
0,11551,7828,6,1155178286,2000.03.13,去勢,,黒毛和種,,
0,11619,3674,0,1161936740,2001.06.17,去勢,,ホルスタイン種,,
0,11005,2836,4,1100528364,,,,,,
0,15739,7990,8,1573979908,2019.03.18,去勢（雄）,1445611288,黒毛和種,,
0,11527,4209,1,1152742091,2002.10.26,去勢（雄）,,黒毛和種,,
0,11862,5110,1,1186251101,2009.03.19,メス,1096044084,黒毛和種,,
0,11594,9801,4,1159498014,2001.12.21,メス,,交雑種（肉専用種Ｘ乳用種）,,
0,11996,0982,1,1199609821,2004.01.01,去勢（雄）,1002996025,黒毛和種,,
0,11807,2727,5,1180727275,2010.10.11,メス,0244708151,ホルスタイン種,,
0,12036,1483,4,1203614834,2004.03.27,メス,1012761699,交雑種（肉専用種Ｘ乳用種）,,
0,11756,9354,7,1175693547,2004.06.06,去勢（雄）,0605701906,ホルスタイン種,,
0,14103,3782,3,1410337823,2015.04.09,去勢（雄）,1370207198,ホルスタイン種,,
0,11397,2319,8,1139723198,2000.02.22,去勢,,交雑種（肉専用種Ｘ乳用種）,,
0,11598,2786,9,1159827869,2002.06.07,メス,1159851178,黒毛和種,,
0,11941,1331,6,1194113316,2004.05.01,去勢（雄）,1141393013,黒毛和種,,
0,11986,9625,9,1198696259,2004.01.28,メス,0200170145,黒毛和種,,
0,11401,6470,6,1140164706,1994.07.12,メス,,褐毛和種,,
0,11951,7441,5,1195174415,2003.09.23,メス,1013674721,黒毛和種,,
0,11893,4480,0,1189344800,2004.08.18,メス,1141567087,黒毛和種,,
0,11386,0056,8,1138600568,2002.03.16,去勢（雄）,,黒毛和種,,
0,11602,3219,5,1160232195,1990.02.14,メス,,黒毛和種,,
0,11643,6243,0,1164362430,2002.06.04,オス,1042697166,ホルスタイン種,,
0,11643,4573,0,1164345730,2002.10.02,去勢（雄）,,黒毛和種,,
0,11751,9690,1,1175196901,2003.04.13,去勢（雄）,,交雑種（肉専用種Ｘ乳用種）,,
0,11756,5209,4,1175652094,2004.01.18,メス,1063134152,交雑種（肉専用種Ｘ乳用種）,,
0,11147,4580,1,1114745801,,,,,,
0,15956,1735,2,1595617352,2018.12.31,去勢（雄）,1342731140,黒毛和種,,
0,11659,8209,5,1165982095,2003.02.26,去勢（雄）,1066510168,黒毛和種,,
0,11200,0999,7,1120009997,,,,,,
0,11960,4706,0,1196047060,2003.08.12,去勢（雄）,1019547173,交雑種（肉専用種Ｘ乳用種）,,
0,11606,3659,7,1160636597,,,,,,
0,11125,5815,1,1112558151,2001.02.07,オス,,黒毛和種,,
0,11658,0587,5,1165805875,1989.03.19,メス,,黒毛和種,,
0,11426,9255,9,1142692559,2000.02.09,去勢,,黒毛和種,,
0,11389,9101,7,1138991017,,,,,,
0,11782,1053,6,1178210536,,,,,,
0,11761,4632,5,1176146325,2003.06.12,去勢（雄）,1099545571,ホルスタイン種,,
0,11536,3430,2,1153634302,2000.12.10,メス,,ホルスタイン種,,
0,11505,6819,8,1150568198,2002.02.07,メス,,黒毛和種,,
0,11016,9724,3,1101697243,,,,,,
0,13026,2134,4,1302621344,2011.02.18,去勢（雄）,1245034478,ホルスタイン種,,
0,11761,2517,7,1176125177,2003.01.25,メス,1015417289,ホルスタイン種,,
0,11294,8820,5,1129488205,2003.04.12,去勢（雄）,,黒毛和種,,
0,11744,9126,7,1174491267,2002.05.01,メス,1063483182,黒毛和種,,
0,11794,8511,7,1179485117,2009.06.17,メス,1237539394,交雑種（肉専用種Ｘ乳用種）,,
0,11247,3931,9,1124739319,,,,,,
0,14158,7475,0,1415874750,2017.11.05,メス,1260615355,交雑種（肉専用種Ｘ乳用種）,,
0,13898,2625,0,1389826250,2013.05.13,メス,1103329302,黒毛和種,,
0,11850,6073,5,1185060735,2004.08.14,メス,1115984155,ホルスタイン種,,
0,11035,6010,1,1103560101,,,,,,
0,11518,8557,7,1151885577,2001.03.28,去勢,,黒毛和種,,
0,11641,5070,9,1164150709,2001.03.26,去勢（雄）,,黒毛和種,,
0,12042,6123,5,1204261235,2004.12.08,去勢（雄）,1010536367,黒毛和種,,
0,11505,9414,2,1150594142,2002.07.30,メス,1150616202,黒毛和種,,
0,11005,3840,0,1100538400,,,,,,
0,11778,3875,5,1177838755,2002.10.05,メス,,黒毛和種,,
0,11244,9145,3,1124491453,,,,,,
0,11794,0276,3,1179402763,2003.06.06,メス,1004961328,ホルスタイン種,,
0,11893,3399,6,1189333996,2003.12.12,去勢（雄）,1148138051,黒毛和種,,
0,11608,1017,1,1160810171,2000.09.19,去勢,,交雑種（肉専用種Ｘ乳用種）,,
0,11124,2229,2,1112422292,2001.04.04,去勢,,黒毛和種,,
0,11187,0930,4,1118709304,,,,,,
0,11111,5409,5,1111154095,,,,,,
0,11513,9572,4,1151395724,,,,,,
0,11387,0972,8,1138709728,2001.08.26,メス,,黒毛和種,,
0,11151,1746,1,1115117461,2002.03.04,メス,1115116419,交雑種（肉専用種Ｘ乳用種）,,
0,11857,1706,6,1185717066,2003.06.25,去勢（雄）,0159848317,交雑種（肉専用種Ｘ乳用種）,,
0,11226,2832,5,1122628325,2000.07.16,去勢,,黒毛和種,,
0,11783,6750,6,1178367506,2002.10.05,去勢（雄）,1005875280,ホルスタイン種,,
0,11199,9730,4,1119997304,,,,,,
0,11897,6546,9,1189765469,2004.05.05,去勢（雄）,1070781042,黒毛和種,,
0,11474,7356,6,1147473566,,,,,,
0,11852,0296,8,1185202968,2003.02.09,去勢（雄）,,黒毛和種,,
0,11403,3373,7,1140333737,2001.07.12,去勢,,交雑種（肉専用種Ｘ乳用種）,,
0,14436,7273,1,1443672731,2018.04.08,メス,1211550391,黒毛和種,,
0,11174,4513,5,1117445135,,,,,,
0,11202,3778,9,1120237789,,,,,,
0,11987,5840,7,1198758407,2004.02.29,去勢（雄）,1142541178,黒毛和種,,
0,11263,8705,1,1126387051,1998.06.28,メス,,黒毛和種,,
0,11854,2896,2,1185428962,2003.09.22,オス,1054941615,交雑種（肉専用種Ｘ乳用種）,,
0,11548,0875,7,1154808757,2002.02.22,去勢（雄）,,ホルスタイン種,,
0,11123,9633,3,1112396333,2002.06.17,去勢（雄）,1015895575,交雑種（肉専用種Ｘ乳用種）,,
0,11255,1726,8,1125517268,1997.11.08,メス,,ホルスタイン種,,
0,11609,5905,4,1160959054,2000.09.20,メス,,黒毛和種,,
0,11878,8411,7,1187884117,2004.08.10,メス,0579301744,ホルスタイン種,,
0,11486,0705,2,1148607052,2006.04.10,去勢（雄）,1166175892,交雑種（肉専用種Ｘ乳用種）,,
0,11181,4416,7,1118144167,1997.05.08,メス,1118144082,黒毛和種,,
0,11545,7515,4,1154575154,2001.09.09,メス,,黒毛和種,,
0,11652,9032,9,1165290329,2004.11.02,去勢（雄）,1010590239,交雑種（肉専用種Ｘ乳用種）,,
0,11882,2447,9,1188224479,2003.07.03,去勢（雄）,,黒毛和種,,
0,11218,0943,5,1121809435,2002.11.27,去勢（雄）,1121809176,ホルスタイン種,,
0,12310,9780,7,1231097807,2006.02.26,メス,1004835278,ホルスタイン種,,
0,11122,6407,6,1112264076,2002.08.11,メス,1112264014,黒毛和種,,
0,11759,2893,9,1175928939,2002.10.18,去勢（雄）,1054136349,ホルスタイン種,,
0,11203,3959,9,1120339599,2001.03.21,去勢,,交雑種（肉専用種Ｘ乳用種）,,
0,11204,3887,2,1120438872,,,,,,
0,11913,1990,2,1191319902,2004.10.30,去勢（雄）,1153620244,ホルスタイン種,,
0,11226,4634,3,1122646343,,,,,,
0,11639,7304,0,1163973040,,,,,,
0,11819,0958,8,1181909588,2003.08.03,オス,1114306231,交雑種（肉専用種Ｘ乳用種）,,
0,11000,6363,6,1100063636,2003.01.29,去勢（雄）,1139059204,ホルスタイン種,,
0,11604,2843,7,1160428437,2001.11.19,去勢,,ホルスタイン種,,
0,11628,6669,5,1162866695,2000.07.18,去勢（雄）,,黒毛和種,,
0,11485,4617,7,1148546177,,,,,,
0,13606,4847,5,1360648475,2017.01.01,去勢（雄）,1348889340,黒毛和種,,
0,11004,4531,9,1100445319,,,,,,
0,12363,0551,8,1236305518,2005.01.06,去勢（雄）,0780403206,ホルスタイン種,,
0,11171,3106,9,1117131069,2000.03.12,メス,,黒毛和種,,
0,11995,6687,2,1199566872,2003.11.25,去勢（雄）,1003884338,黒毛和種,,
0,11616,2907,9,1161629079,2000.11.27,メス,,黒毛和種,,
0,11127,0945,4,1112709454,1999.07.15,メス,,黒毛和種,,
0,11570,7115,8,1157071158,2003.03.08,メス,1108033174,交雑種（肉専用種Ｘ乳用種）,,
0,11189,7601,0,1118976010,2005.01.02,去勢（雄）,1087690597,黒毛和種,,
0,11432,2415,5,1143224155,1990.04.06,メス,,褐毛和種,,
0,11485,6078,4,1148560784,,,,,,
0,11967,2581,4,1196725814,2004.04.01,去勢（雄）,1126836030,黒毛和種,,
0,11744,4929,9,1174449299,2003.02.26,去勢（雄）,1066481048,ホルスタイン種,,
0,11377,4016,6,1137740166,1994.03.08,メス,,黒毛和種,,
0,11205,1209,1,1120512091,2001.09.07,去勢,,ホルスタイン種,,
0,11870,2687,6,1187026876,2003.12.02,去勢（雄）,1096072018,黒毛和種,,
0,14032,0669,3,1403206693,2013.05.23,メス,0549205751,ホルスタイン種,,
0,11597,3560,7,1159735607,2005.05.14,メス,0257736035,ホルスタイン種,,
0,11376,4914,8,1137649148,1997.05.26,メス,,ホルスタイン種,,
0,11885,0450,2,1188504502,2003.02.25,メス,1141392054,黒毛和種,,
0,13564,6479,9,1356464799,2015.12.23,去勢（雄）,1336693355,交雑種（肉専用種Ｘ乳用種）,,
0,11854,0951,0,1185409510,2003.11.24,去勢（雄）,1115432182,ホルスタイン種,,
0,11244,8933,7,1124489337,,,,,,
0,11251,0359,1,1125103591,,,,,,
0,11528,9915,3,1152899153,2000.03.12,メス,,黒毛和種,,
0,11248,9713,2,1124897132,,,,,,
0,11916,1934,7,1191619347,2004.12.17,メス,0183107244,ホルスタイン種,,
0,12015,4071,5,1201540715,2004.01.24,去勢（雄）,1014044745,交雑種（肉専用種Ｘ乳用種）,,
0,11538,2801,5,1153828015,1986.08.25,メス,,黒毛和種,,
0,11015,1095,5,1101510955,2011.05.18,去勢（雄）,1097128073,黒毛和種,,
0,11476,8162,6,1147681626,2000.03.08,メス,1147681169,ホルスタイン種,,
0,12410,9895,5,1241098955,2007.05.06,メス,1108210957,黒毛和種,,
0,11272,6001,8,1127260018,1999.07.02,メス,,黒毛和種,,
0,11606,6813,0,1160668130,2002.02.19,去勢（雄）,,ホルスタイン種,,
0,11346,4134,3,1134641343,2000.08.19,去勢,,黒毛和種,,
0,11014,1762,9,1101417629,2001.03.22,メス,,黒毛和種,,
0,11216,8320,2,1121683202,,,,,,
0,11977,3218,7,1197732187,2004.12.07,メス,1019070060,黒毛和種,,
0,11248,7298,6,1124872986,,,,,,
0,11151,3564,9,1115135649,,,,,,
0,11825,3102,3,1182531023,2003.01.06,メス,,黒毛和種,,
0,11188,5804,0,1118858040,,,,,,
0,11397,8747,3,1139787473,2000.12.01,去勢,,黒毛和種,,
0,11185,1835,7,1118518357,,,,,,
0,11111,8919,6,1111189196,,,,,,
0,11219,9027,0,1121990270,1999.10.04,メス,,黒毛和種,,
0,11523,0972,0,1152309720,2001.08.29,メス,,ホルスタイン種,,
0,11555,9323,2,1155593232,2001.07.06,去勢,,交雑種（肉専用種Ｘ乳用種）,,
0,11771,3196,2,1177131962,2002.11.13,メス,1032877172,交雑種（肉専用種Ｘ乳用種）,,
0,11143,4959,7,1114349597,,,,,,
0,11107,2511,1,1110725111,,,,,,
0,11137,1901,8,1113719018,,,,,,
0,11608,2882,4,1160828824,,,,,,
0,11607,4029,4,1160740294,2002.02.21,去勢（雄）,,交雑種（肉専用種Ｘ乳用種）,,
0,13809,5813,4,1380958134,2017.05.16,去勢（雄）,1446068661,黒毛和種,,
0,12424,6662,3,1242466623,2009.04.12,去勢（雄）,0576004716,ホルスタイン種,,
0,15875,1203,0,1587512030,2020.09.09,メス,1522891428,ホルスタイン種,,
0,11994,4232,9,1199442329,2005.07.31,去勢（雄）,1182169448,交雑種（肉専用種Ｘ乳用種）,,
0,11414,9804,6,1141498046,2000.12.12,去勢（雄）,,黒毛和種,,
0,11216,7579,5,1121675795,2000.12.03,メス,,黒毛和種,,
0,11513,3061,9,1151330619,2002.06.24,去勢（雄）,1151330268,ホルスタイン種,,
0,13781,9463,6,1378194636,2021.04.01,オス,1406751138,黒毛和種,,
0,11605,8109,5,1160581095,2001.12.18,去勢（雄）,,ホルスタイン種,,
0,11968,8316,3,1196883163,2004.07.01,去勢（雄）,1116933107,黒毛和種,,
0,11788,1056,9,1178810569,2003.08.05,去勢（雄）,1018296102,黒毛和種,,
0,11143,9745,1,1114397451,1996.03.01,メス,,ホルスタイン種,,
0,11203,9255,6,1120392556,2000.02.28,去勢,,交雑種（肉専用種Ｘ乳用種）,,
0,11402,3802,5,1140238025,2000.01.13,メス,,ホルスタイン種,,
0,11538,3629,4,1153836294,1992.11.05,メス,,黒毛和種,,
0,11549,8684,4,1154986844,2002.08.14,メス,1154985359,ホルスタイン種,,
0,11789,1007,8,1178910078,2003.02.09,オス,1151339117,ホルスタイン種,,
0,11794,3988,2,1179439882,2004.09.10,メス,1007236133,交雑種（肉専用種Ｘ乳用種）,,
0,11984,2892,8,1198428928,2004.07.06,去勢（雄）,1080878053,黒毛和種,,
0,11154,0535,3,1115405353,,,,,,
0,11993,9393,5,1199393935,2004.02.26,去勢（雄）,1073096068,ホルスタイン種,,
0,11649,2618,2,1164926182,2002.10.20,メス,1045155335,交雑種（肉専用種Ｘ乳用種）,,
0,11601,7119,7,1160171197,2002.06.26,去勢（雄）,1160169255,黒毛和種,,
0,11202,8193,5,1120281935,,,,,,
0,11380,7007,1,1138070071,,,,,,
0,12156,3786,9,1215637869,2007.01.24,オス,0699501864,黒毛和種,,
0,13519,9447,5,1351994475,2015.11.01,オス,0204051884,黒毛和種,,
0,11472,2627,8,1147226278,,,,,,
0,11858,3656,9,1185836569,2003.10.28,去勢（雄）,1047803203,黒毛和種,,
0,11570,7284,1,1157072841,2001.11.24,メス,,交雑種（肉専用種Ｘ乳用種）,,
0,11603,9825,9,1160398259,2000.09.10,メス,,ホルスタイン種,,
0,11763,7552,7,1176375527,2002.07.31,去勢（雄）,,交雑種（肉専用種Ｘ乳用種）,,
0,11005,1295,0,1100512950,,,,,,
0,13408,2857,6,1340828576,2011.12.01,去勢（雄）,0110113683,ホルスタイン種,,
0,13805,1178,0,1380511780,2013.08.19,メス,0840509794,黒毛和種,,
0,11557,7251,4,1155772514,,,,,,
0,11051,1704,4,1105117044,,,,,,
0,13398,3359,8,1339833598,2011.08.30,オス,1211133662,黒毛和種,,
0,11974,4187,4,1197441874,2004.01.29,メス,1059391132,黒毛和種,,
0,11567,2048,4,1156720484,1998.04.23,メス,1156720217,ホルスタイン種,,
0,13006,0821,7,1300608217,2011.01.24,去勢（雄）,0115405196,ホルスタイン種,,
0,11778,3760,4,1177837604,2002.12.24,メス,,黒毛和種,,
0,11524,0310,7,1152403107,2001.07.09,メス,,黒毛和種,,
0,11219,5017,5,1121950175,2000.04.05,去勢,,黒毛和種,,
0,11988,9047,3,1198890473,2004.05.23,去勢（雄）,0356504238,ホルスタイン種,,
0,11553,3475,0,1155334750,2002.09.19,メス,1158416132,ホルスタイン種,,
0,12374,6256,2,1237462562,2005.06.09,メス,1181107915,黒毛和種,,
0,11321,1177,0,1132111770,2001.01.16,去勢,,交雑種（肉専用種Ｘ乳用種）,,
0,13915,9090,3,1391590903,2021.01.27,オス,1527090642,黒毛和種,,
0,11958,4052,5,1195840525,2004.05.05,メス,1095078042,交雑種（肉専用種Ｘ乳用種）,,
0,11928,1334,8,1192813348,2003.12.31,去勢（雄）,1140666095,黒毛和種,,
0,11518,0630,5,1151806305,2001.03.12,去勢（雄）,,ホルスタイン種,,
0,11507,1604,9,1150716049,1990.02.08,メス,,黒毛和種,,
0,11993,5313,7,1199353137,2004.05.19,去勢（雄）,1151204521,ホルスタイン種,,
0,11634,5509,6,1163455096,2002.06.18,メス,1143360020,黒毛和種,,
0,11851,0440,8,1185104408,2002.08.16,メス,,黒毛和種,,
0,11005,2280,5,1100522805,2003.06.28,去勢（雄）,1044714199,黒毛和種,,
0,11894,9034,7,1189490347,2004.07.31,メス,1175538589,交雑種（肉専用種Ｘ乳用種）,,
0,11688,5496,2,1168854962,2002.03.23,メス,,肉専用種,2003.02.10,オーストラリア
0,14864,1623,1,1486416231,2021.01.31,オス,1448713613,ホルスタイン種,,
0,11271,6259,6,1127162596,,,,,,
0,11874,5380,1,1187453801,2003.11.17,去勢（雄）,1098688576,黒毛和種,,
0,11377,9218,9,1137792189,2004.03.11,去勢（雄）,0503603869,ホルスタイン種,,
0,11638,1825,9,1163818259,2003.03.13,メス,1125811052,黒毛和種,,
0,11956,4209,9,1195642099,2015.05.12,去勢（雄）,1188125837,黒毛和種,,
0,11399,1618,7,1139916187,2000.11.18,去勢,,交雑種（肉専用種Ｘ乳用種）,,
0,11859,5507,9,1185955079,2005.07.10,メス,1038714020,黒毛和種,,
0,11837,2319,9,1183723199,2004.04.14,去勢（雄）,1015988307,交雑種（肉専用種Ｘ乳用種）,,
0,11832,8541,3,1183285413,2003.05.22,去勢（雄）,1036910288,黒毛和種,,
0,11567,9389,1,1156793891,2003.12.25,去勢（雄）,0551200850,ホルスタイン種,,
0,14410,4638,1,1441046381,,,,,,
0,11704,8129,3,1170481293,2003.05.11,メス,1006077034,黒毛和種,,
0,11819,1114,7,1181911147,2002.11.18,メス,1044240247,ホルスタイン種,,
0,11223,4045,6,1122340456,2000.10.26,去勢,,黒毛和種,,
0,13640,4858,5,1364048585,2016.03.02,メス,0243959738,黒毛和種,,
0,11374,1710,5,1137417105,2001.10.29,去勢（雄）,,黒毛和種,,
0,11637,7759,4,1163777594,2001.01.12,メス,,ホルスタイン種,,
0,11831,1658,8,1183116588,2003.08.01,メス,0763504661,交雑種（肉専用種Ｘ乳用種）,,
0,13742,8173,6,1374281736,2020.04.05,メス,1364635938,黒毛和種,,
0,11860,4213,6,1186042136,2003.04.05,メス,1066928055,黒毛和種,,
0,11823,9863,3,1182398633,2003.06.24,去勢（雄）,1155411024,黒毛和種,,
0,11513,7017,2,1151370172,,,,,,
0,11229,1519,7,1122915197,2004.08.16,去勢（雄）,0540205811,交雑種（肉専用種Ｘ乳用種）,,
0,11601,0725,7,1160107257,2001.09.05,メス,,ホルスタイン種,,
0,15653,4008,2,1565340082,2019.03.22,メス,1254506409,黒毛和種,,
0,11188,4955,0,1118849550,,,,,,
0,11209,5273,6,1120952736,,,,,,
0,11275,4211,4,1127542114,1997.03.10,メス,,ホルスタイン種,,
0,11989,1372,1,1198913721,2004.03.17,去勢（雄）,0175380648,交雑種（肉専用種Ｘ乳用種）,,
0,11151,5851,8,1115158518,2002.01.28,去勢,,交雑種（肉専用種Ｘ乳用種）,,
0,11349,8582,9,1134985829,,,,,,
0,11913,4626,7,1191346267,2007.02.18,去勢（雄）,1064678051,交雑種（肉専用種Ｘ乳用種）,,
0,11883,3266,2,1188332662,2003.10.28,去勢（雄）,1072831028,黒毛和種,,
0,11992,8029,7,1199280297,2004.01.31,去勢（雄）,1024574362,交雑種（肉専用種Ｘ乳用種）,,
0,11771,2438,4,1177124384,2002.07.02,メス,,黒毛和種,,
0,11648,8540,3,1164885403,2003.07.27,去勢（雄）,1143917040,黒毛和種,,
0,11640,2401,7,1164024017,1984.10.05,メス,,黒毛和種,,
0,11743,4606,2,1174346062,2013.10.15,去勢（雄）,1342095822,黒毛和種,,
0,11245,2923,1,1124529231,,,,,,
0,11430,0045,2,1143000452,2002.03.04,メス,,ホルスタイン種,,
0,11982,3662,2,1198236622,2003.12.23,去勢（雄）,1089484071,黒毛和種,,
0,11026,8418,1,1102684181,1996.04.23,メス,,黒毛和種,,
0,15359,0746,8,1535907468,2018.06.17,メス,1412606101,ホルスタイン種,,
0,11256,4215,1,1125642151,2002.04.13,去勢（雄）,1125642076,黒毛和種,,
0,11607,8484,7,1160784847,2001.02.28,去勢,,ホルスタイン種,,
0,11377,6901,3,1137769013,1997.09.08,メス,,ホルスタイン種,,
0,11999,4497,7,1199944977,2004.04.04,メス,1133151362,ホルスタイン種,,
0,14817,2354,9,1481723549,2018.02.11,去勢（雄）,1210674555,黒毛和種,,
0,11933,1684,8,1193316848,2004.10.04,メス,1070927082,褐毛和種,,
0,11055,4627,1,1105546271,,,,,,
0,11647,8685,4,1164786854,2001.06.28,去勢（雄）,,肉専用種,2002.06.17,オーストラリア
0,13700,7837,8,1370078378,2021.06.05,オス,1527222647,黒毛和種,,
0,11983,0095,8,1198300958,2003.09.01,メス,1078694481,黒毛和種,,
0,11218,5344,5,1121853445,,,,,,
0,11411,3708,2,1141137082,2001.10.03,去勢（雄）,,黒毛和種,,
0,11815,3505,3,1181535053,2003.01.10,去勢（雄）,1127342240,交雑種（肉専用種Ｘ乳用種）,,
0,11245,0015,5,1124500155,,,,,,
0,11222,9544,2,1122295442,2000.01.20,去勢,,黒毛和種,,
0,11431,0591,1,1143105911,1999.11.15,去勢（雄）,,交雑種（肉専用種Ｘ乳用種）,,
0,12409,4177,1,1240941771,2006.08.17,メス,1059034831,黒毛和種,,
0,11605,7025,9,1160570259,,,,,,
0,11991,9946,9,1199199469,2003.09.09,メス,1001879541,ホルスタイン種,,
0,11511,0253,7,1151102537,2002.03.18,メス,,黒毛和種,,
0,11308,3124,3,1130831243,2001.03.10,メス,,黒毛和種,,
0,11475,9459,9,1147594599,2000.12.02,メス,1147594216,ホルスタイン種,,
0,11835,1259,5,1183512595,2003.04.15,メス,1023558639,黒毛和種,,
0,13882,0996,2,1388209962,2012.06.18,メス,0385207513,ホルスタイン種,,
0,11473,1300,8,1147313008,,,,,,
0,11774,1604,5,1177416045,2003.04.02,メス,1079640241,交雑種（肉専用種Ｘ乳用種）,,
0,11475,5622,1,1147556221,2001.01.25,メス,,ホルスタイン種,,
0,11884,6191,1,1188461911,2004.01.13,去勢（雄）,1022843040,黒毛和種,,
0,11247,9658,9,1124796589,,,,,,
0,11513,5758,6,1151357586,,,,,,
0,11474,4187,9,1147441879,,,,,,
0,13427,9139,7,1342791397,2013.07.26,去勢（雄）,1260190234,黒毛和種,,
0,11516,8123,0,1151681230,1998.10.19,メス,,ホルスタイン種,,
0,11500,0208,1,1150002081,2004.05.13,去勢（雄）,1150001084,黒毛和種,,
0,11810,8817,7,1181088177,2002.10.06,去勢（雄）,1139055022,ホルスタイン種,,
0,11904,3416,3,1190434163,2004.06.06,去勢（雄）,1148371021,褐毛和種,,
0,13600,7770,1,1360077701,2017.06.28,メス,0834655841,黒毛和種,,
0,11053,3507,3,1105335073,,,,,,
0,11599,0804,9,1159908049,1994.11.29,メス,,黒毛和種,,
0,11756,9754,5,1175697545,2003.02.21,メス,1147666043,ホルスタイン種,,
0,11472,8343,1,1147283431,2001.05.05,去勢（雄）,,ホルスタイン種,,
0,11324,4721,3,1132447213,1999.12.23,メス,,黒毛和種,,
0,11809,1824,6,1180918246,2003.03.29,メス,0521402697,交雑種（肉専用種Ｘ乳用種）,,
0,11912,2688,0,1191226880,2003.07.17,去勢（雄）,,肉専用種,2004.02.09,オーストラリア
0,11080,8018,5,1108080185,1996.10.13,メス,,ホルスタイン種,,
0,11516,9591,6,1151695916,2002.05.28,メス,1151695022,ホルスタイン種,,
0,11284,7903,7,1128479037,,,,,,
0,11090,9002,2,1109090022,,,,,,
0,11757,5146,9,1175751469,2003.02.13,オス,1099480742,ホルスタイン種,,
0,11199,8645,2,1119986452,,,,,,
0,11196,7901,9,1119679019,,,,,,
0,11998,5900,4,1199859004,2004.02.10,メス,1133997069,ホルスタイン種,,
0,11861,4788,6,1186147886,2003.05.11,去勢（雄）,1090162043,黒毛和種,,
0,11982,4704,8,1198247048,2004.02.20,去勢（雄）,1089847036,黒毛和種,,
0,11236,2110,3,1123621103,2002.02.12,去勢（雄）,1123600016,黒毛和種,,
0,13597,6410,0,1359764100,2017.02.25,去勢（雄）,0243751806,黒毛和種,,
0,11568,7201,5,1156872015,1997.03.17,メス,,褐毛和種,,
0,11053,2149,6,1105321496,,,,,,
0,13789,8826,6,1378988266,2014.04.03,去勢（雄）,1298600231,黒毛和種,,
0,11905,1917,4,1190519174,2003.08.05,メス,1126170080,黒毛和種,,
0,11046,9812,4,1104698124,,,,,,
0,11016,0445,6,1101604456,1999.11.01,メス,,ホルスタイン種,,
0,11348,4911,4,1134849114,2002.03.25,メス,1134849022,黒毛和種,,
0,11887,6247,6,1188762476,2004.04.10,メス,1101094028,黒毛和種,,
0,11267,8004,3,1126780043,2001.01.09,メス,,黒毛和種,,
0,11355,9004,6,1135590046,1997.11.01,メス,,黒毛和種,,
0,11386,9554,0,1138695540,1998.01.01,メス,,黒毛和種,,
0,11564,8812,4,1156488124,1995.08.03,メス,,ホルスタイン種,,
0,11002,4198,0,1100241980,2005.08.01,メス,1100368069,ホルスタイン種,,
0,11505,4207,5,1150542075,1996.02.10,メス,,黒毛和種,,
0,14079,8021,6,1407980216,2021.09.23,メス,1360869269,ホルスタイン種,,
0,11659,8401,3,1165984013,2003.01.09,メス,1009978321,ホルスタイン種,,
0,11897,3157,0,1189731570,2004.03.20,メス,1120670104,黒毛和種,,
0,11124,2108,0,1112421080,2001.04.27,メス,,交雑種（肉専用種Ｘ乳用種）,,
0,11038,8218,0,1103882180,1990.07.10,メス,,黒毛和種,,
0,11996,1181,7,1199611817,2004.03.06,メス,1003187040,交雑種（肉専用種Ｘ乳用種）,,
0,11144,2442,3,1114424423,1999.12.28,メス,,ホルスタイン種,,
0,11004,8600,8,1100486008,,,,,,
0,11987,0190,8,1198701908,2003.12.10,メス,1138695908,黒毛和種,,
0,11807,1510,4,1180715104,2006.06.01,メス,1181588882,ホルスタイン種,,
0,11879,7921,9,1187979219,2003.12.17,去勢（雄）,1022398076,黒毛和種,,
0,11821,2178,1,1182121781,2003.11.28,去勢（雄）,1115397030,交雑種（肉専用種Ｘ乳用種）,,
0,11389,7655,7,1138976557,2001.02.07,去勢,,ホルスタイン種,,
0,11429,4363,7,1142943637,2000.03.16,メス,,交雑種（肉専用種Ｘ乳用種）,,
0,11853,0314,6,1185303146,2002.09.17,メス,,黒毛和種,,
0,11893,0320,3,1189303203,2003.05.14,去勢（雄）,1146017587,黒毛和種,,
0,11956,9943,7,1195699437,2005.10.09,メス,0249906231,ホルスタイン種,,
0,11784,3924,1,1178439241,2003.05.31,メス,1156446629,ホルスタイン種,,
0,11357,6003,6,1135760036,1999.05.21,メス,,黒毛和種,,
0,11431,3461,4,1143134614,2001.11.19,メス,,交雑種（肉専用種Ｘ乳用種）,,
0,11813,0595,3,1181305953,2002.12.03,去勢（雄）,,交雑種（肉専用種Ｘ乳用種）,,
0,11510,5702,8,1151057028,2000.10.27,メス,,ホルスタイン種,,
0,11359,4825,0,1135948250,1989.02.10,メス,,黒毛和種,,
0,11991,5533,5,1199155335,2003.11.11,メス,1009485836,交雑種（肉専用種Ｘ乳用種）,,
0,11888,1834,0,1188818340,2003.08.23,去勢（雄）,,黒毛和種,,
0,13049,8630,4,1304986304,2010.12.29,メス,1185899090,ホルスタイン種,,
0,11654,0300,2,1165403002,2002.07.24,メス,0504002371,ホルスタイン種,,
0,11116,4122,9,1111641229,,,,,,
0,11595,3723,2,1159537232,,,,,,
0,11152,8576,4,1115285764,2001.10.05,メス,,ホルスタイン種,,
0,11815,9172,1,1181591721,2003.05.22,オス,1009512426,交雑種（肉専用種Ｘ乳用種）,,
0,11497,0301,2,1149703012,1997.05.08,メス,,黒毛和種,,
0,11548,2423,8,1154824238,2002.05.30,去勢（雄）,,ホルスタイン種,,
0,11819,4291,2,1181942912,2003.04.04,メス,1008125283,ホルスタイン種,,
0,11237,0948,1,1123709481,,,,,,
0,13688,6682,6,1368866826,2021.09.13,メス,0845610587,黒毛和種,,
0,11557,3230,3,1155732303,,,,,,
0,11149,8845,1,1114988451,,,,,,
0,11802,3072,0,1180230720,2002.09.03,去勢（雄）,1045428118,交雑種（肉専用種Ｘ乳用種）,,
0,11517,9229,5,1151792295,2002.02.26,去勢（雄）,,ホルスタイン種,,
0,11531,0459,1,1153104591,2002.01.27,メス,,黒毛和種,,
0,11952,9109,9,1195291099,2008.01.25,メス,0117308969,黒毛和種,,
0,11589,0947,4,1158909474,,,,,,
0,11953,3503,8,1195335038,2003.08.01,メス,1058480486,交雑種（肉専用種Ｘ乳用種）,,
0,11196,7624,7,1119676247,,,,,,
0,14005,3344,0,1400533440,,,,,,
0,11027,3428,2,1102734282,1995.05.31,メス,,黒毛和種,,
0,11242,6103,2,1124261032,2012.03.10,去勢（雄）,1125606146,黒毛和種,,
0,11930,0996,2,1193009962,2004.01.26,去勢（雄）,1145999013,黒毛和種,,
0,11755,5721,4,1175557214,,,,,,
0,11800,3650,6,1180036506,2003.04.18,メス,1012635068,黒毛和種,,
0,11497,5806,7,1149758067,2001.07.05,去勢,,黒毛和種,,
0,11874,5646,8,1187456468,2003.11.27,去勢（雄）,1098455017,黒毛和種,,
0,11885,2172,1,1188521721,2003.04.13,メス,1153923314,黒毛和種,,
0,11608,7518,7,1160875187,2000.07.02,去勢（雄）,,交雑種（肉専用種Ｘ乳用種）,,
0,11641,5203,1,1164152031,2002.02.14,去勢（雄）,1089256272,黒毛和種,,
0,12435,5769,6,1243557696,2008.09.10,去勢（雄）,1207670973,黒毛和種,,
0,13354,9657,5,1335496575,2011.06.27,メス,1149515097,黒毛和種,,
0,11850,4955,6,1185049556,2003.08.17,去勢（雄）,1032091257,ホルスタイン種,,
0,11203,4650,4,1120346504,,,,,,
0,11512,1939,6,1151219396,1999.03.14,メス,,ホルスタイン種,,
0,11293,2123,6,1129321236,2000.10.12,メス,,黒毛和種,,
0,11759,0118,5,1175901185,2002.12.18,去勢（雄）,1159641311,黒毛和種,,
0,11953,8723,5,1195387235,2005.01.17,メス,1180282149,黒毛和種,,
0,11958,1106,8,1195811068,2003.02.12,去勢（雄）,1121387278,黒毛和種,,
0,13685,6559,0,1368565590,2021.04.04,オス,1597807041,黒毛和種,,
0,11634,2040,7,1163420407,2002.12.22,去勢（雄）,1075613218,交雑種（肉専用種Ｘ乳用種）,,
0,11549,8035,4,1154980354,2001.01.30,メス,,ホルスタイン種,,
0,11794,7111,0,1179471110,2002.12.17,メス,1068390072,ホルスタイン種,,
0,11271,2754,0,1127127540,2000.10.28,去勢,,交雑種（肉専用種Ｘ乳用種）,,
0,11083,3611,4,1108336114,,,,,,
0,11997,2159,2,1199721592,2004.08.20,去勢（雄）,1016862071,交雑種（肉専用種Ｘ乳用種）,,
0,11480,3805,4,1148038054,,,,,,
0,11271,4439,4,1127144394,,,,,,
0,11799,1205,7,1179912057,2001.01.08,メス,,黒毛和種,,
0,11260,0292,3,1126002923,2000.06.07,メス,,黒毛和種,,
0,11426,6855,4,1142668554,2001.02.27,去勢,,その他,,
0,11002,5161,3,1100251613,2001.11.28,去勢（雄）,,ホルスタイン種,,
0,11083,7801,5,1108378015,,,,,,
0,11377,7288,4,1137772884,1999.09.29,メス,,ホルスタイン種,,
0,11816,0826,9,1181608269,2004.06.22,メス,1020151260,交雑種（肉専用種Ｘ乳用種）,,
0,13482,8666,8,1348286668,2013.03.05,去勢（雄）,0830108310,黒毛和種,,
0,11648,4221,5,1164842215,2002.06.18,去勢（雄）,,交雑種（肉専用種Ｘ乳用種）,,
0,11939,0046,7,1193900467,,,,,,
0,11224,7699,5,1122476995,2011.06.16,去勢（雄）,1205906418,黒毛和種,,
0,11988,5295,2,1198852952,2004.06.24,メス,1142300591,黒毛和種,,
0,16126,0327,6,1612603276,2020.07.25,メス,1364728340,黒毛和種,,
0,11906,7438,5,1190674385,2003.10.04,メス,1087580065,黒毛和種,,
0,11380,4970,1,1138049701,,,,,,
0,11784,2806,1,1178428061,2002.12.12,メス,1156595174,ホルスタイン種,,
0,11517,6749,1,1151767491,2000.09.21,メス,,黒毛和種,,
0,11618,3751,1,1161837511,2002.03.17,メス,,ホルスタイン種,,
0,14988,1743,9,1498817439,,,,,,
0,11547,7319,2,1154773192,,,,,,
0,11518,1298,6,1151812986,2003.01.30,メス,1156090068,黒毛和種,,
0,11835,1480,3,1183514803,2003.08.08,メス,1023571010,黒毛和種,,
0,14201,7769,3,1420177693,2016.04.29,メス,0241382576,黒毛和種,,
0,11635,7653,1,1163576531,2002.06.30,去勢（雄）,0578002512,交雑種（肉専用種Ｘ乳用種）,,
0,11202,5391,8,1120253918,,,,,,
0,14348,8674,1,1434886741,2014.10.14,メス,1300085230,黒毛和種,,
0,11122,7469,3,1112274693,2001.02.09,メス,,交雑種（肉専用種Ｘ乳用種）,,
0,11660,1664,5,1166016645,2004.01.03,メス,0518602055,交雑種（肉専用種Ｘ乳用種）,,
0,11005,6019,7,1100560197,,,,,,
0,11218,0812,4,1121808124,1994.04.12,メス,,ホルスタイン種,,
0,11015,9434,4,1101594344,1992.11.25,メス,,ホルスタイン種,,
0,11868,8156,8,1186881568,2004.04.02,メス,1092772011,黒毛和種,,
0,11216,3850,9,1121638509,2000.09.26,去勢,,黒毛和種,,
0,11379,3148,9,1137931489,1996.11.15,メス,,ホルスタイン種,,
0,11832,0411,7,1183204117,2003.09.08,去勢（雄）,1071008018,褐毛和種,,
0,12614,2486,4,1261424864,2010.06.17,去勢（雄）,1179794653,黒毛和種,,
0,14657,2192,9,1465721929,,,,,,
0,11867,3123,8,1186731238,2002.09.19,去勢（雄）,,肉専用種,2003.05.13,ニュージーランド
0,11993,4465,4,1199344654,2003.10.25,去勢（雄）,1139007281,ホルスタイン種,,
0,11248,8403,3,1124884033,,,,,,
0,11775,4582,0,1177545820,2003.06.18,メス,1057401475,ホルスタイン種,,
0,11774,6747,4,1177467474,2002.12.05,メス,1001733980,交雑種（肉専用種Ｘ乳用種）,,
0,11961,2103,6,1196121036,2003.11.19,メス,1078124469,ホルスタイン種,,
0,11154,2119,3,1115421193,2001.06.23,メス,,ホルスタイン種,,
0,11986,2069,8,1198620698,2004.01.08,去勢（雄）,1103758201,黒毛和種,,
0,11607,0382,4,1160703824,2001.03.02,去勢,,交雑種（肉専用種Ｘ乳用種）,,
0,11079,4312,2,1107943122,,,,,,
0,11525,3520,4,1152535204,2004.01.26,メス,1152534108,黒毛和種,,
0,11862,0845,7,1186208457,2004.10.03,去勢（雄）,1000058763,黒毛和種,,
0,11428,8779,5,1142887795,2000.01.19,メス,,黒毛和種,,
0,11885,3045,7,1188530457,2004.05.20,メス,1065350062,黒毛和種,,
0,11013,9026,7,1101390267,1995.08.22,メス,,ホルスタイン種,,
0,11143,5863,6,1114358636,,,,,,
0,11805,4662,3,1180546623,2002.12.20,メス,,交雑種（肉専用種Ｘ乳用種）,,
0,11654,7214,5,1165472145,2004.06.12,オス,0666102209,ホルスタイン種,,
0,11047,3879,0,1104738790,,,,,,
0,15391,1101,4,1539111014,2017.09.28,オス,1485808938,ホルスタイン種,,
0,16064,8727,1,1606487271,2021.09.13,メス,1488485631,交雑種（肉専用種Ｘ乳用種）,,
0,11868,7023,4,1186870234,2004.03.07,メス,1093246252,黒毛和種,,
0,14118,7781,6,1411877816,2018.04.14,メス,1073014031,黒毛和種,,
0,11812,7723,6,1181277236,2003.08.20,去勢（雄）,1125256136,ホルスタイン種,,
0,11515,4414,6,1151544146,2001.10.22,メス,,ホルスタイン種,,
0,13356,5190,5,1335651905,2011.11.25,メス,1241356482,ホルスタイン種,,
0,11523,4133,1,1152341331,1996.09.10,メス,,ホルスタイン種,,
0,11285,8801,2,1128588012,1993.06.07,メス,,黒毛和種,,
0,11445,2703,3,1144527033,1992.04.18,メス,,黒毛和種,,
0,11812,9107,2,1181291072,2003.03.23,メス,1051689091,ホルスタイン種,,
0,11763,3252,0,1176332520,2002.12.04,去勢（雄）,1054262123,ホルスタイン種,,
0,11430,9114,6,1143091146,2000.07.26,去勢（雄）,,交雑種（肉専用種Ｘ乳用種）,,
0,11643,8434,0,1164384340,2002.12.01,メス,1137278164,黒毛和種,,
0,11267,5709,0,1126757090,2003.01.21,去勢（雄）,,黒毛和種,,
0,11562,6813,9,1156268139,,,,,,
0,11982,0342,6,1198203426,2003.05.07,メス,1090094139,黒毛和種,,
0,13803,1729,0,1380317290,2013.01.19,メス,1260816639,交雑種（肉専用種Ｘ乳用種）,,
0,11633,7840,1,1163378401,2005.10.16,去勢（雄）,1176025439,交雑種（肉専用種Ｘ乳用種）,,
0,11890,1722,3,1189017223,2003.07.02,メス,1038040013,黒毛和種,,
0,11875,6004,2,1187560042,2003.08.29,去勢（雄）,1059485374,黒毛和種,,
0,11834,6419,1,1183464191,2004.07.30,去勢（雄）,1065105068,ホルスタイン種,,
0,11153,6915,0,1115369150,2004.05.01,メス,0507800448,交雑種（肉専用種Ｘ乳用種）,,
0,11557,3719,3,1155737193,,,,,,
0,11857,0114,0,1185701140,2002.07.27,メス,1126024208,黒毛和種,,
0,11362,8803,4,1136288034,2000.10.30,メス,,黒毛和種,,
0,11179,3453,0,1117934530,1997.11.19,メス,,ホルスタイン種,,
0,11089,8214,4,1108982144,,,,,,
0,11785,0888,6,1178508886,2003.01.18,メス,1099807143,ホルスタイン種,,
0,11201,6815,1,1120168151,2001.11.22,メス,,交雑種（肉専用種Ｘ乳用種）,,
0,11894,1342,1,1189413421,2003.05.24,メス,1145668056,黒毛和種,,
0,14507,1870,5,1450718705,2020.09.08,オス,1248563869,黒毛和種,,
0,11751,3638,9,1175136389,2003.01.07,メス,1046687774,ホルスタイン種,,
0,11896,9155,3,1189691553,2004.05.09,去勢（雄）,1059783036,黒毛和種,,
0,11188,4564,4,1118845644,,,,,,
0,11866,5348,6,1186653486,2004.05.17,メス,1072969066,黒毛和種,,
0,11127,0654,5,1112706545,2000.10.28,メス,,黒毛和種,,
0,11434,4404,1,1143444041,2002.06.13,去勢（雄）,1143444027,黒毛和種,,
0,11191,7113,1,1119171131,1988.04.01,メス,,黒毛和種,,
0,11633,6518,0,1163365180,2001.06.26,去勢（雄）,,ホルスタイン種,,
0,11652,5718,6,1165257186,2002.11.09,去勢（雄）,1108155180,黒毛和種,,
0,11560,1902,1,1156019021,1996.05.12,メス,,黒毛和種,,
0,11800,8907,6,1180089076,2003.01.03,メス,1025689041,褐毛和種,,
0,11151,9883,5,1115198835,1999.02.28,メス,,ホルスタイン種,,
0,11062,6731,1,1106267311,2002.02.26,メス,,ホルスタイン種,,
0,11663,2920,2,1166329202,1998.01.05,メス,,ホルスタイン種,,
0,11945,1784,8,1194517848,2003.01.08,メス,,黒毛和種,,
0,11123,0640,0,1112306400,2000.11.02,去勢,,ホルスタイン種,,
0,11247,5287,5,1124752875,,,,,,
0,11505,8451,8,1150584518,2001.02.08,去勢（雄）,,黒毛和種,,
0,11598,1020,5,1159810205,2003.08.03,メス,1067104113,黒毛和種,,
0,13444,4844,2,1344448442,2014.04.17,去勢（雄）,1257983887,交雑種（肉専用種Ｘ乳用種）,,
0,11231,4016,1,1123140161,2001.06.28,去勢,,黒毛和種,,
0,11379,2904,2,1137929042,,,,,,
0,11596,3293,7,1159632937,2003.04.15,オス,1159632272,黒毛和種,,
0,11245,0751,2,1124507512,,,,,,
0,11346,9808,8,1134698088,2002.09.02,メス,1134697654,黒毛和種,,
0,11020,7710,5,1102077105,,,,,,
0,11544,4155,8,1154441558,2000.08.07,去勢,,黒毛和種,,
0,11578,4312,0,1157843120,2001.10.05,メス,,黒毛和種,,
0,11800,6735,7,1180067357,2003.03.20,メス,1006567030,交雑種（肉専用種Ｘ乳用種）,,
0,11872,3567,4,1187235674,2003.11.15,メス,,黒毛和種,,
0,11055,0233,8,1105502338,,,,,,
0,11350,5514,9,1135055149,1998.07.13,メス,,黒毛和種,,
0,11662,4387,4,1166243874,1999.05.06,メス,,褐毛和種,,
0,11988,9144,9,1198891449,2004.03.07,オス,0175383120,交雑種（肉専用種Ｘ乳用種）,,
0,11903,4602,2,1190346022,2004.01.11,メス,0629905878,ホルスタイン種,,
0,11906,0833,5,1190608335,2003.07.02,メス,1074413024,黒毛和種,,
0,11655,2957,3,1165529573,,,,,,
0,13614,8430,0,1361484300,2021.02.18,オス,0253337199,黒毛和種,,
0,11683,0016,2,1168300162,2002.03.22,去勢（雄）,,ホルスタイン種,,
0,11483,2769,1,1148327691,,,,,,
0,11546,5256,5,1154652565,2001.04.18,メス,,黒毛和種,,
0,11125,9974,1,1112599741,,,,,,
0,13851,0439,0,1385104390,2012.11.03,去勢（雄）,1262103829,交雑種（肉専用種Ｘ乳用種）,,
0,11516,6231,4,1151662314,1997.06.13,メス,,ホルスタイン種,,
0,11651,3169,1,1165131691,,,,,,
0,11742,0910,7,1174209107,2004.12.12,メス,1132772056,黒毛和種,,
0,11761,9764,8,1176197648,2002.11.19,メス,1152430158,黒毛和種,,
0,11930,0978,8,1193009788,2004.01.06,メス,1146253060,黒毛和種,,
0,11820,7687,6,1182076876,2003.07.31,去勢（雄）,1108241050,交雑種（肉専用種Ｘ乳用種）,,
0,11909,0244,0,1190902440,2003.06.16,去勢（雄）,1149712526,黒毛和種,,
0,11569,3305,1,1156933051,2003.02.20,メス,1156952076,褐毛和種,,
0,13346,3120,5,1334631205,2011.03.16,メス,1249458232,黒毛和種,,
0,11473,9372,7,1147393727,,,,,,
0,11552,2819,6,1155228196,1999.10.25,去勢,,黒毛和種,,
0,11164,1301,2,1116413012,1989.05.08,メス,,黒毛和種,,
0,16139,5505,3,1613955053,2020.11.24,メス,1360109792,ホルスタイン種,,
0,11664,3177,6,1166431776,2002.07.08,去勢（雄）,1023397016,黒毛和種,,
0,11936,0067,1,1193600671,2002.08.20,メス,,黒毛和種,,
0,11985,2187,2,1198521872,2003.06.26,去勢（雄）,1137750547,黒毛和種,,
0,11752,2937,1,1175229371,2004.04.22,メス,1020278271,交雑種（肉専用種Ｘ乳用種）,,
0,11869,9134,2,1186991342,2004.03.17,メス,1058861155,和牛間交雑種,,
0,11424,0707,8,1142407078,1991.04.27,メス,,黒毛和種,,
0,13512,0037,8,1351200378,2012.02.15,メス,1203625601,黒毛和種,,
0,11371,5801,5,1137158015,1993.10.21,メス,,黒毛和種,,
0,14344,6698,1,1434466981,2016.06.11,メス,1458308519,ジャージー種,,
0,11877,4786,3,1187747863,2004.01.17,去勢（雄）,1150276031,黒毛和種,,
0,11525,5670,4,1152556704,2002.11.22,去勢（雄）,0226004165,ホルスタイン種,,
0,11563,7910,1,1156379101,2000.09.20,メス,,ホルスタイン種,,
0,11991,2348,8,1199123488,2003.10.19,メス,1008873429,交雑種（肉専用種Ｘ乳用種）,,
0,13423,3180,7,1342331807,2011.11.24,去勢（雄）,0120917370,ホルスタイン種,,
0,11123,2495,4,1112324954,,,,,,
0,14040,7978,4,1404079784,2017.08.09,去勢（雄）,1360363255,黒毛和種,,
0,11877,5927,9,1187759279,2004.03.29,メス,1135989338,黒毛和種,,
0,11152,8885,7,1115288857,,,,,,
0,11855,7982,4,1185579824,2002.12.02,メス,1086515068,黒毛和種,,
0,11565,6229,9,1156562299,1991.09.20,メス,,ホルスタイン種,,
0,13576,1271,7,1357612717,2012.02.14,メス,0260186049,黒毛和種,,
0,11803,0280,9,1180302809,2002.08.01,メス,1089802073,黒毛和種,,
0,11448,7718,3,1144877183,2001.04.21,去勢,,黒毛和種,,
0,11506,3442,8,1150634428,2002.02.28,去勢（雄）,,黒毛和種,,
0,11076,8403,2,1107684032,,,,,,
0,11834,7189,2,1183471892,2003.06.06,オス,1090513968,黒毛和種,,
0,11078,9307,6,1107893076,1994.12.07,メス,,ホルスタイン種,,
0,11537,5009,5,1153750095,1996.09.02,メス,,ホルスタイン種,,
0,11749,3096,4,1174930964,2002.10.28,去勢（雄）,1115373133,交雑種（肉専用種Ｘ乳用種）,,
0,12136,3988,9,1213639889,2005.03.17,去勢（雄）,1064380039,褐毛和種,,
0,11603,6603,6,1160366036,,,,,,
0,11146,2603,2,1114626032,,,,,,
0,11808,2981,8,1180829818,2002.09.27,メス,1000119143,ホルスタイン種,,
0,11902,9088,2,1190290882,2004.06.28,メス,1043721068,交雑種（肉専用種Ｘ乳用種）,,
0,11751,7147,2,1175171472,2003.03.29,メス,1007842273,ホルスタイン種,,
0,11891,1848,7,1189118487,2003.12.24,去勢（雄）,1033567034,黒毛和種,,
0,11243,4943,3,1124349433,,,,,,
0,11902,5975,9,1190259759,2003.12.02,メス,1013772045,黒毛和種,,
0,11885,7714,8,1188577148,2003.11.06,去勢（雄）,1017775660,交雑種（肉専用種Ｘ乳用種）,,
0,11532,1411,5,1153214115,2000.08.15,メス,,ホルスタイン種,,
0,15719,1663,9,1571916639,2018.09.11,メス,1414712169,ホルスタイン種,,
0,11153,8327,9,1115383279,2000.10.31,メス,,ホルスタイン種,,
0,11002,0333,9,1100203339,2003.02.12,メス,1046990218,交雑種（肉専用種Ｘ乳用種）,,
0,11863,6278,4,1186362784,2003.12.29,メス,1068440395,交雑種（肉専用種Ｘ乳用種）,,
0,11184,1677,6,1118416776,,,,,,
0,11848,1115,4,1184811154,2004.04.23,去勢（雄）,1003896034,黒毛和種,,
0,11422,6509,8,1142265098,1996.08.24,メス,,黒毛和種,,
0,11903,5417,1,1190354171,2003.12.10,メス,1014900461,黒毛和種,,
0,11190,8316,8,1119083168,2003.03.27,メス,1119084547,黒毛和種,,
0,11289,1457,6,1128914576,2002.01.04,去勢（雄）,,交雑種（肉専用種Ｘ乳用種）,,
0,11828,5471,9,1182854719,2003.07.28,去勢（雄）,0101804446,ホルスタイン種,,
0,11758,0373,1,1175803731,2003.04.19,メス,1024716830,交雑種（肉専用種Ｘ乳用種）,,
0,11048,2028,0,1104820280,,,,,,
0,15292,5118,8,1529251188,2016.11.23,メス,0827297294,黒毛和種,,
0,16462,1558,2,1646215582,2021.09.09,メス,1584711849,ホルスタイン種,,
0,11356,5502,8,1135655028,1996.06.30,メス,,黒毛和種,,
0,11561,9841,2,1156198412,2000.01.07,メス,,ホルスタイン種,,
0,11894,7812,3,1189478123,2003.09.24,オス,1041208806,ホルスタイン種,,
0,11891,2313,9,1189123139,2016.07.17,去勢（雄）,0840794923,黒毛和種,,
0,11547,7163,1,1154771631,2002.02.21,去勢,,肉専用種,,
0,11430,9357,7,1143093577,,,,,,
0,11775,3493,0,1177534930,2002.11.02,去勢（雄）,1147616833,ホルスタイン種,,
0,11123,9830,6,1112398306,2000.04.17,メス,,黒毛和種,,
0,11815,4723,0,1181547230,2003.02.19,メス,1079247440,黒毛和種,,
0,11002,3051,9,1100230519,2002.10.30,去勢（雄）,1100230298,交雑種（肉専用種Ｘ乳用種）,,
0,15027,1302,3,1502713023,2018.07.10,去勢（雄）,1350409529,ホルスタイン種,,
0,11820,2240,8,1182022408,2003.09.09,去勢（雄）,1002816255,ホルスタイン種,,
0,11444,6006,4,1144460064,2001.09.21,メス,,黒毛和種,,
0,11666,0005,9,1166600059,2005.05.26,メス,0372503994,ホルスタイン種,,
0,11556,7942,4,1155679424,2001.03.29,去勢,,交雑種（肉専用種Ｘ乳用種）,,
0,11224,3728,6,1122437286,2000.08.08,メス,,褐毛和種,,
0,11277,4478,5,1127744785,2001.09.20,去勢（雄）,,交雑種（肉専用種Ｘ乳用種）,,
0,14104,3201,6,1410432016,2012.07.26,去勢（雄）,,肉専用種,2013.04.05,オーストラリア
0,11549,9717,8,1154997178,1994.12.18,メス,,ホルスタイン種,,
0,11836,0859,5,1183608595,2003.04.20,メス,1148388036,黒毛和種,,
0,14035,0676,2,1403506762,2013.02.09,去勢（雄）,0634804586,黒毛和種,,
0,11579,4408,7,1157944087,1991.08.01,メス,,黒毛和種,,
0,12096,5564,0,1209655640,2004.12.02,メス,1093075265,黒毛和種,,
0,11489,7862,6,1148978626,2001.04.06,去勢,,黒毛和種,,
0,11874,2912,7,1187429127,2003.04.29,去勢（雄）,,黒毛和種,,
0,11866,1447,0,1186614470,2005.07.15,去勢（雄）,1051493452,黒毛和種,,
0,11890,3919,5,1189039195,2004.05.02,去勢（雄）,1137314237,黒毛和種,,
0,11083,4702,8,1108347028,,,,,,
0,11600,5137,6,1160051376,1999.07.28,メス,,ホルスタイン種,,
0,11152,1027,8,1115210278,,,,,,
0,11547,9454,8,1154794548,2000.11.08,メス,,交雑種（肉専用種Ｘ乳用種）,,
0,11133,1106,9,1113311069,,,,,,
0,11123,9039,3,1112390393,2001.05.23,去勢,,黒毛和種,,
0,11468,3475,7,1146834757,,,,,,
0,11556,2811,8,1155628118,,,,,,
0,11890,1764,3,1189017643,2003.07.13,去勢（雄）,1038095174,黒毛和種,,
0,11369,7176,9,1136971769,2000.04.28,メス,,黒毛和種,,
0,11435,5415,3,1143554153,2001.12.02,メス,,黒毛和種,,
0,11648,6626,6,1164866266,2000.03.11,メス,,黒毛和種,,
0,11876,6590,7,1187665907,2003.04.30,去勢（雄）,1135075390,黒毛和種,,
0,11684,0350,4,1168403504,2003.10.09,去勢（雄）,0178602075,ホルスタイン種,,
0,11123,0822,0,1112308220,2000.04.19,メス,,交雑種（肉専用種Ｘ乳用種）,,
0,15665,0915,0,1566509150,2017.11.29,去勢（雄）,0460605647,ホルスタイン種,,
0,11228,9055,5,1122890555,,,,,,
0,13048,6640,8,1304866408,2011.10.12,去勢（雄）,0250108228,交雑種（肉専用種Ｘ乳用種）,,
0,14306,1340,2,1430613402,2015.12.13,去勢（雄）,0418406913,ホルスタイン種,,
0,11913,0903,3,1191309033,2004.02.13,メス,1153593500,ホルスタイン種,,
0,14389,2158,5,1438921585,2021.08.04,オス,1442916201,ホルスタイン種,,
0,11316,7647,8,1131676478,2001.11.29,去勢（雄）,,交雑種（肉専用種Ｘ乳用種）,,
0,11189,7753,6,1118977536,,,,,,
0,11047,1471,8,1104714718,,,,,,
0,11250,7118,0,1125071180,,,,,,
0,11171,1703,2,1117117032,,,,,,
0,11117,7107,0,1111771070,,,,,,
0,11970,0238,9,1197002389,2006.05.02,メス,1123706466,交雑種（肉専用種Ｘ乳用種）,,
0,11247,7740,3,1124777403,,,,,,
0,11938,0735,3,1193807353,2002.10.06,メス,,黒毛和種,,
0,11549,1906,4,1154919064,1999.10.25,メス,,交雑種（肉専用種Ｘ乳用種）,,
0,15656,9399,7,1565693997,2018.02.28,メス,1471890701,黒毛和種,,
0,11473,4340,1,1147343401,,,,,,
0,11833,6113,1,1183361131,2002.06.12,メス,,黒毛和種,,
0,11851,7310,7,1185173107,2003.02.25,メス,,黒毛和種,,
0,11094,9303,8,1109493038,,,,,,
0,13359,1254,9,1335912549,2011.09.12,オス,0251909053,ホルスタイン種,,
0,11752,7354,1,1175273541,2003.07.11,メス,1020356276,交雑種（肉専用種Ｘ乳用種）,,
0,16061,2380,3,1606123803,2019.08.06,去勢（雄）,0836624975,黒毛和種,,
0,11474,6458,8,1147464588,,,,,,
0,11863,0024,3,1186300243,2002.07.20,メス,1149727070,黒毛和種,,
0,11349,7973,6,1134979736,2005.10.25,メス,1070872115,褐毛和種,,
0,14305,2852,2,1430528522,2020.06.01,オス,1397221665,ホルスタイン種,,
0,11185,9822,9,1118598229,,,,,,
0,11225,0397,4,1122503974,2005.03.03,メス,1122262628,黒毛和種,,
0,11861,7973,3,1186179733,2004.03.13,メス,1041626211,交雑種（肉専用種Ｘ乳用種）,,
0,11178,7460,7,1117874607,,,,,,
0,11608,7128,8,1160871288,2000.06.30,去勢（雄）,,交雑種（肉専用種Ｘ乳用種）,,
0,11644,1801,4,1164418014,2002.02.08,去勢（雄）,1065367022,黒毛和種,,
0,11995,6781,7,1199567817,2004.07.20,メス,1140233242,ホルスタイン種,,
0,11601,9943,6,1160199436,1999.11.05,メス,,黒毛和種,,
0,11143,2250,7,1114322507,,,,,,
0,11924,0377,8,1192403778,2003.08.28,去勢（雄）,1135536082,黒毛和種,,
0,11832,0943,3,1183209433,2003.09.07,去勢（雄）,1071018062,褐毛和種,,
0,11806,3877,9,1180638779,2003.06.03,メス,1102420277,黒毛和種,,
0,13521,8645,9,1352186459,2015.06.24,去勢（雄）,0841534924,黒毛和種,,
0,11777,6975,2,1177769752,2001.02.07,去勢（雄）,,交雑種（肉専用種Ｘ乳用種）,,
0,11649,2100,2,1164921002,2000.08.04,去勢（雄）,,交雑種（肉専用種Ｘ乳用種）,,
0,11987,3326,8,1198733268,2004.01.17,去勢（雄）,1137644891,黒毛和種,,
0,11988,9542,3,1198895423,2004.04.06,メス,0686703622,交雑種（肉専用種Ｘ乳用種）,,
