,# of nodes,# of link,<C>,<K>,<L>,disconnected,year
empirical network,7398,14167,0.012257741448963154,3.829954041632874,5.559586392178852,1,2004
small world (p=0.5),7398,7398,0.0,2.0,102.82381745803289,1,2004
Barabasi-Albert (m=6),7398,44352,0.009727814334523854,11.990267639902676,5.559586392178852,1,2004
Erdős-Rényi (p=0.0005177712642467046),7398,28394,0.0004598912142485123,7.676128683427954,5.559586392178852,1,2004
empirical network,8301,16486,0.011743751169388673,3.9720515600530057,5.364282668103778,1,2005
small world (p=0.5),8301,8301,0.0,2.0,102.898955268157,1,2005
Barabasi-Albert (m=6),8301,49770,0.008548690281739879,11.991326346223346,5.364282668103778,1,2005
Erdős-Rényi (p=0.00047856042892204886),8301,32977,0.0004286894556139221,7.945307794241658,5.364282668103778,1,2005
empirical network,7318,14879,0.0168023250754226,4.066411587865537,5.3995396630492145,1,2006
small world (p=0.6772993851988784),7318,14636,0.017206855577995218,4.0,7.066536751729911,0,2006
Barabasi-Albert (m=6),7318,43872,0.009775056145119707,11.990161246242142,5.3995396630492145,1,2006
Erdős-Rényi (p=0.000555748474493035),7318,29754,0.0005160680165513659,8.131729980869089,5.3995396630492145,1,2006
empirical network,6323,12999,0.02122721844311661,4.111655859560336,5.358891587628485,1,2007
small world (p=0.6511481517421965),6323,12646,0.026702464421901245,4.0,6.968273032229995,0,2007
Barabasi-Albert (m=6),6323,37902,0.010803027817027567,11.988613000158153,5.358891587628485,1,2007
Erdős-Rényi (p=0.0006503726446631344),6323,26073,0.0005096742016577161,8.247034635457853,5.358891587628485,1,2007
empirical network,5673,11575,0.02278553507477758,4.080733298078618,5.427201952149246,1,2008
small world (p=0.6428123708601811),5673,11346,0.02639864689045006,4.0,6.875710719397577,0,2008
Barabasi-Albert (m=6),5673,34002,0.011590927821017718,11.987308302485458,5.427201952149246,1,2008
Erdős-Rényi (p=0.0007194522739912937),5673,23361,0.000715904826060258,8.235854045478582,5.427201952149246,1,2008
empirical network,5366,10756,0.01910309302717858,4.008945210585166,5.525210933438384,1,2009
small world (p=0.6631954922434182),5366,10732,0.023794141833649814,4.0,6.826695993100044,0,2009
Barabasi-Albert (m=6),5366,32160,0.0119075987148368,11.986582184122252,5.525210933438384,1,2009
Erdős-Rényi (p=0.0007472404865955575),5366,21703,0.0008113615517805295,8.089079388743944,5.525210933438384,1,2009
empirical network,5502,11047,0.019903596628232472,4.015630679752817,5.600702611140974,1,2010
small world (p=0.6585551874067348),5502,11004,0.025811970250356194,4.0,6.863015884689945,0,2010
Barabasi-Albert (m=6),5502,32976,0.011769697846774148,11.98691384950927,5.600702611140974,1,2010
Erdős-Rényi (p=0.0007299819450559565),5502,22229,0.0007439020585309633,8.080334423845875,5.600702611140974,1,2010
empirical network,7089,14338,0.0174554477975136,4.045140358301594,5.587802853832945,1,2011
small world (p=0.6731711919429719),7089,14178,0.01865678325686787,4.0,7.0316641654144485,0,2011
Barabasi-Albert (m=6),7089,42498,0.010074730454420155,11.989843419382142,5.587802853832945,1,2011
Erdős-Rényi (p=0.0005707026464872452),7089,28761,0.0005404771761327745,8.114261531950909,5.587802853832945,1,2011
empirical network,8083,16520,0.01878008363642824,4.087591240875913,5.465437395412291,1,2012
small world (p=0.665104607480322),8083,16166,0.021993052241722166,4.0,7.1632731592602275,0,2012
Barabasi-Albert (m=6),8083,48462,0.008781310003909016,11.991092416182111,5.465437395412291,1,2012
Erdős-Rényi (p=0.0005057648157480713),8083,33039,0.0005520230100331518,8.174935048867994,5.465437395412291,1,2012
empirical network,8073,17188,0.02038231198116629,4.258144432057476,5.352517830940646,1,2013
small world (p=0.655839402657529),8073,16146,0.025900848123070128,4.0,7.178096499766686,0,2013
Barabasi-Albert (m=6),8073,48402,0.008792411097207197,11.99108138238573,5.352517830940646,1,2013
Erdős-Rényi (p=0.0005275203706711441),8073,34436,0.0005519715110344965,8.531153226805401,5.352517830940646,1,2013
empirical network,7122,15179,0.018029377835685173,4.262566694748666,5.3171081236886035,1,2014
small world (p=0.6696277366831809),7122,14244,0.020059685392457005,4.0,7.042574456438217,0,2014
Barabasi-Albert (m=6),7122,42696,0.010014852747414954,11.98989048020219,5.3171081236886035,1,2014
Erdős-Rényi (p=0.0005985910258037728),7122,30428,0.0005936986922788993,8.544790789104184,5.3171081236886035,1,2014
empirical network,6183,13126,0.018745111479165442,4.245835355005661,5.462779658487909,1,2015
small world (p=0.6653126167044396),6183,12366,0.02114079964637945,4.0,6.939423502509176,0,2015
Barabasi-Albert (m=6),6183,37062,0.010964553614908,11.988355167394468,5.462779658487909,1,2015
Erdős-Rényi (p=0.0006868061072477613),6183,26401,0.000606279794164631,8.539867378295327,5.462779658487909,1,2015
empirical network,5557,11629,0.02243984954846231,4.1853518085297825,5.5805906489267505,1,2016
small world (p=0.6446279135147406),5557,11114,0.02626531387553515,4.0,6.879083295794497,0,2016
Barabasi-Albert (m=6),5557,33306,0.011732424896977178,11.987043368724132,5.5805906489267505,1,2016
Erdős-Rényi (p=0.0007533030612904576),5557,23428,0.0007950341531992661,8.431887709195609,5.5805906489267505,1,2016
empirical network,5248,10941,0.02121281156063766,4.169588414634147,5.543487471005783,1,2017
small world (p=0.6512270913520368),5248,10496,0.023294890873015846,4.0,6.808058147048023,0,2017
Barabasi-Albert (m=6),5248,31452,0.01210120394033402,11.986280487804878,5.543487471005783,1,2017
Erdős-Rényi (p=0.0007946614093070605),5248,22098,0.0007421319745371838,8.421493902439025,5.543487471005783,1,2017
empirical network,4764,9898,0.018744595653311723,4.155331654072208,5.523460586652091,1,2018
small world (p=0.6653156866957635),4764,9528,0.02485722948569291,4.0,6.726315692982554,0,2018
Barabasi-Albert (m=6),4764,28548,0.012993785266030738,11.984886649874056,5.523460586652091,1,2018
Erdős-Rényi (p=0.0008724189909872366),4764,20021,0.0008729952370757449,8.40512174643157,5.523460586652091,1,2018
empirical network,4273,8928,0.023386140261291464,4.17879709805757,5.81589669630639,1,2019
small world (p=0.6397011726997877),4273,8546,0.02754096411948033,4.0,6.646538538738582,0,2019
Barabasi-Albert (m=6),4273,25602,0.014217610367150076,11.983150011701381,5.81589669630639,1,2019
Erdős-Rényi (p=0.000978182841305611),4273,18141,0.0009283667497746974,8.490989936812543,5.81589669630639,1,2019
empirical network,2545,5294,0.018240742685374782,4.1603143418467585,6.268230324668304,1,2020
small world (p=0.6683417250273246),2545,5090,0.025196619577759108,4.0,6.190161372032966,0,2020
Barabasi-Albert (m=6),2545,15234,0.02072374391937691,11.97170923379175,6.268230324668304,1,2020
Erdős-Rényi (p=0.0016353436878328452),2545,10710,0.0015408842327252123,8.416502946954813,6.268230324668304,1,2020
empirical network,1652,3330,0.007347323070890213,4.031476997578692,6.596944679751324,1,2021
small world (p=0.7550637614667275),1652,3304,0.01108757062146892,4.0,5.774576417843467,0,2021
Barabasi-Albert (m=6),1652,9876,0.02732673891074168,11.956416464891042,6.596944679751324,1,2021
Erdős-Rényi (p=0.002441839489750874),1652,6607,0.002126768997233728,7.998789346246974,6.596944679751324,1,2021
