,id0,id1,id2,個体識別番号,出生の年月日,雌雄の別,母牛の個体識別番号,種別
0,13852,8946,2,1385289462,2018.12.28,メス,1537209430,黒毛和種
0,15544,6059,3,1554460593,2019.09.15,メス,1407258476,交雑種（肉専用種Ｘ乳用種）
0,15909,2595,7,1590925957,2019.07.24,去勢（雄）,1514624898,交雑種（肉専用種Ｘ乳用種）
0,16028,1262,6,1602812626,2019.01.30,メス,1379128913,黒毛和種
0,16028,0814,8,1602808148,2018.10.15,メス,1379754211,黒毛和種
0,15568,7726,9,1556877269,2018.10.01,メス,1362956127,黒毛和種
0,08691,3637,7,0869136377,2019.07.25,去勢（雄）,0864318143,交雑種（肉専用種Ｘ乳用種）
0,11143,5388,4,1114353884,,,,
0,11259,4404,0,1125944040,2003.06.28,メス,1083761024,黒毛和種
0,11377,4010,4,1137740104,1990.11.28,メス,,黒毛和種
0,02028,4016,9,0202840169,2006.09.20,メス,1106457088,黒毛和種
0,02028,4286,6,0202842866,2006.11.24,メス,1106706100,黒毛和種
0,02028,4467,9,0202844679,2007.01.21,メス,1106694018,黒毛和種
0,02028,4821,9,0202848219,2007.06.13,メス,1106692021,黒毛和種
0,02406,9247,8,0240692478,2009.12.13,オス,1023112268,黒毛和種
0,02408,5628,3,0240856283,2008.04.02,メス,1106575362,黒毛和種
0,02408,5910,9,0240859109,2008.05.10,メス,1106656108,黒毛和種
0,02408,5937,6,0240859376,2008.06.11,メス,1106694131,黒毛和種
0,02460,8695,0,0246086950,2010.04.16,オス,1182842198,日本短角種
0,02460,8753,7,0246087537,2010.03.17,オス,1055298015,日本短角種
0,02476,5229,1,0247652291,2009.03.24,メス,1064618125,日本短角種
0,02700,6834,2,0270068342,2010.03.01,オス,1132793167,黒毛和種
0,02702,6694,6,0270266946,2010.05.04,オス,1102342333,黒毛和種
0,02702,8060,7,0270280607,2010.06.23,オス,0241985470,黒毛和種
0,02702,8411,7,0270284117,2010.06.28,オス,1102266721,黒毛和種
0,04635,0156,4,0463501564,2008.03.26,メス,0113390159,黒毛和種
0,08264,3143,9,0826431439,2006.06.19,メス,1066858079,黒毛和種
0,08272,6314,5,0827263145,2006.08.02,メス,1210321015,黒毛和種
0,08315,2263,4,0831522634,2009.04.06,メス,1187870585,日本短角種
0,08364,1568,9,0836415689,2008.07.08,メス,0111438037,黒毛和種
0,08364,1648,8,0836416488,2008.06.26,メス,0827263145,黒毛和種
0,08364,1669,3,0836416693,2008.07.27,メス,0202842866,黒毛和種
0,08364,1718,8,0836417188,2008.09.23,メス,1194309269,黒毛和種
0,08364,1851,2,0836418512,2008.10.09,メス,1106698108,黒毛和種
0,08364,2276,2,0836422762,2009.03.30,メス,1106575430,黒毛和種
0,08364,2428,5,0836424285,2009.03.25,メス,1180907103,黒毛和種
0,08364,2438,4,0836424384,2009.04.08,メス,1106694186,黒毛和種
0,08364,2916,7,0836429167,2009.11.04,メス,1243909969,黒毛和種
0,08364,3102,3,0836431023,2010.02.24,メス,1212517188,黒毛和種
0,08364,3107,8,0836431078,2010.09.11,オス,1203868497,黒毛和種
0,08364,3108,5,0836431085,2010.09.23,オス,1241604378,黒毛和種
0,08364,3109,2,0836431092,2010.09.26,オス,0463501601,黒毛和種
0,08379,3102,7,0837931027,2009.03.27,メス,1056067092,日本短角種
0,08379,3928,3,0837939283,2009.05.10,メス,1207589046,日本短角種
0,08389,8912,6,0838989126,2008.11.06,メス,1086100110,黒毛和種
0,08401,2448,5,0840124485,2010.01.21,オス,0202222569,黒毛和種
0,08407,6577,0,0840765770,2009.12.07,メス,1106629201,黒毛和種
0,08408,7417,5,0840874175,2010.02.01,オス,1127348518,黒毛和種
0,08409,5861,5,0840958615,2010.01.25,オス,1023581118,黒毛和種
0,08411,0290,1,0841102901,2010.03.29,メス,1106774055,黒毛和種
0,08411,0366,3,0841103663,2010.10.02,メス,1210024046,黒毛和種
0,08414,2048,7,0841420487,2009.12.21,オス,0204143527,黒毛和種
0,08420,9781,7,0842097817,2009.12.08,オス,1205348324,黒毛和種
0,08429,2523,3,0842925233,2010.03.16,メス,1073896118,日本短角種
0,08434,4901,1,0843449011,2010.04.24,メス,1058611040,日本短角種
0,08434,4933,2,0843449332,2010.03.23,オス,1058616038,日本短角種
0,08437,7269,0,0843772690,2010.04.12,メス,0113889226,日本短角種
0,08437,7327,7,0843773277,2010.03.31,メス,1195428822,日本短角種
0,08437,7334,5,0843773345,2010.04.01,メス,0830157363,日本短角種
0,08442,0560,9,0844205609,2010.04.13,メス,1174093096,黒毛和種
0,08466,1074,6,0846610746,2010.04.24,メス,1064357048,日本短角種
0,08476,2744,6,0847627446,2009.11.25,メス,0830814389,黒毛和種
0,08476,3295,2,0847632952,2010.01.08,オス,1207180601,黒毛和種
0,08476,3305,8,0847633058,2010.03.10,メス,1207322148,黒毛和種
0,08476,3306,5,0847633065,2010.02.28,メス,1103065323,黒毛和種
0,08476,3339,3,0847633393,2010.03.14,オス,0834673012,黒毛和種
0,08503,6601,1,0850366011,2009.12.22,メス,1102573065,黒毛和種
0,08503,7275,3,0850372753,2010.01.03,メス,0146463912,黒毛和種
0,08503,7333,0,0850373330,2010.01.05,メス,1102932145,黒毛和種
0,08503,7423,8,0850374238,2010.02.16,オス,0834636321,黒毛和種
0,08503,7802,1,0850378021,2010.01.26,メス,1103172090,黒毛和種
0,08503,9879,1,0850398791,2010.03.20,オス,1180832528,黒毛和種
0,08503,9880,7,0850398807,2010.03.14,メス,1198633438,黒毛和種
0,08529,0085,5,0852900855,2010.02.25,オス,0207079984,黒毛和種
0,08529,0131,9,0852901319,2010.04.03,オス,0146507128,黒毛和種
0,08529,4348,7,0852943487,2010.03.17,メス,1102371555,黒毛和種
0,08529,4582,5,0852945825,2010.05.18,メス,1102619046,黒毛和種
0,08529,4776,8,0852947768,2010.04.26,オス,1067698100,黒毛和種
0,08529,5233,5,0852952335,2010.04.27,オス,1102170011,黒毛和種
0,08529,5714,9,0852957149,2010.04.17,メス,1181633100,黒毛和種
0,08529,5736,1,0852957361,2010.05.31,オス,0146512764,黒毛和種
0,08529,6024,8,0852960248,2010.04.09,オス,0830864155,黒毛和種
0,08529,6087,3,0852960873,2010.05.20,オス,0834673661,黒毛和種
0,08529,6194,8,0852961948,2010.06.10,メス,1103054204,黒毛和種
0,08597,9532,4,0859795324,,メス,,肉専用種
0,08597,9533,1,0859795331,,メス,,肉専用種
0,08597,9535,5,0859795355,,メス,,肉専用種
0,08597,9536,2,0859795362,,オス,,肉専用種
0,08597,9537,9,0859795379,,メス,,肉専用種
0,08597,9538,6,0859795386,,オス,,肉専用種
0,08597,9541,6,0859795416,,メス,,肉専用種
0,08597,9542,3,0859795423,,メス,,肉専用種
0,08597,9543,0,0859795430,,メス,,肉専用種
0,08597,9544,7,0859795447,,オス,,肉専用種
0,08597,9545,4,0859795454,,オス,,肉専用種
0,08597,9546,1,0859795461,,オス,,肉専用種
0,08597,9552,2,0859795522,,メス,,肉専用種
